0.000000,0.000000,0.000000,0.000000,0.000000,0.000000,0.000000,0.000000,0.000000,0.000000,0.000000,0.000000,0.000000,0.000000,0.000000,0.000000,0.000000,0.000000,0.000000,0.000000,0.000000,0.000000,0.000000,0.000000,0.000000,0.000000,0.000000,0.000000,0.000000,0.000000,0.000000,0.000000,0.000000,0.000000,0.000000,0.000000,0.000000,0.000000,0.000000,0.000000,0.000000,0.000000,0.000000,0.000000,0.000000,0.000000,0.000000,0.000000,0.000000,0.000000,0.000000,0.000000,0.000000,0.000000,0.000000,0.000000,0.000000,0.000000,0.000000,0.000000,0.000000,0.000000,0.000000,0.000000,0.000000,0.000000,0.000000,0.000000,0.000000,0.000000,0.000000,0.000000,0.000000,0.000000,0.000000,0.000000,0.000000,0.000000,0.000000,0.000000,0.000000,0.000000,0.000000,0.000000,0.000000,0.000000,0.000000,0.000000,0.000000,0.000000,0.000000,0.000000,0.000000,0.000000,0.000000,0.000000,0.000000,0.000000,0.000000,0.000000,0.000000,0.000000,0.000000
0.000000,0.000000,0.000000,0.000000,0.000000,0.000000,0.000000,0.000000,0.000000,0.000000,0.000000,0.000000,0.000000,0.000000,0.000000,0.000000,0.000000,0.000000,0.000000,0.000000,0.000000,0.000000,0.000000,0.000000,0.000000,0.000000,0.000000,0.000000,0.000000,0.000000,0.000000,0.000000,0.000000,0.000000,0.000000,0.000000,0.000000,0.000000,0.000000,0.000000,0.000000,0.000000,0.000000,0.000000,0.000000,0.000000,0.000000,0.000000,0.000000,0.000000,0.000000,-0.263719,0.000000,0.000000,0.000000,0.000000,0.000000,0.000000,0.000000,0.000000,0.000000,0.000000,0.000000,0.000000,0.000000,0.000000,0.000000,0.000000,0.000000,0.000000,0.000000,0.000000,0.000000,0.000000,0.000000,0.000000,0.000000,0.000000,0.000000,0.000000,0.000000,0.000000,0.000000,0.000000,0.000000,0.000000,0.000000,0.000000,0.000000,0.000000,0.000000,0.000000,0.000000,0.000000,0.000000,0.000000,0.000000,0.000000,0.000000,0.000000,0.000000,0.000000,0.000000
0.000000,0.000000,0.000000,0.000000,0.000000,0.000000,0.000000,0.000000,0.000000,0.000000,0.000000,0.000000,0.000000,0.000000,0.000000,0.000000,0.000000,0.000000,0.000000,0.000000,0.000000,0.000000,0.000000,0.000000,0.000000,0.000000,0.000000,0.000000,0.000000,0.000000,0.000000,0.000000,0.000000,0.000000,0.000000,0.000000,0.000000,0.000000,0.000000,0.000000,0.000000,0.000000,-0.204738,-0.165597,-0.131684,-0.142632,-0.158055,-0.171989,-0.149472,-0.159661,-0.129366,-0.042345,-0.147468,-0.173127,-0.142129,-0.164716,-0.155290,-0.149801,-0.135972,-0.157176,-0.177512,0.000000,0.000000,0.000000,0.000000,0.000000,0.000000,0.000000,0.000000,0.000000,0.000000,0.000000,0.000000,0.000000,0.000000,0.000000,0.000000,0.000000,0.000000,0.000000,0.000000,0.000000,0.000000,0.000000,0.000000,0.000000,0.000000,0.000000,0.000000,0.000000,0.000000,0.000000,0.000000,0.000000,0.000000,0.000000,0.000000,0.000000,0.000000,0.000000,0.000000,0.000000,0.000000
0.000000,0.000000,0.000000,0.000000,0.000000,0.000000,0.000000,0.000000,0.000000,0.000000,0.000000,0.000000,0.000000,0.000000,0.000000,0.000000,0.000000,0.000000,0.000000,0.000000,0.000000,0.000000,0.000000,0.000000,0.000000,0.000000,0.000000,0.000000,0.000000,0.000000,0.000000,0.000000,0.000000,0.000000,0.000000,0.000000,0.000000,-0.287929,-0.119813,-0.181981,-0.156925,-0.104205,-0.045093,-0.040502,-0.062957,-0.066786,-0.063521,-0.043348,-0.021272,-0.024175,-0.065089,-0.114448,-0.073462,-0.028050,-0.023444,-0.048254,-0.074075,-0.068413,-0.063589,-0.047506,-0.057180,-0.114380,-0.146370,-0.169544,-0.103071,-0.256883,0.000000,0.000000,0.000000,0.000000,0.000000,0.000000,0.000000,0.000000,0.000000,0.000000,0.000000,0.000000,0.000000,0.000000,0.000000,0.000000,0.000000,0.000000,0.000000,0.000000,0.000000,0.000000,0.000000,0.000000,0.000000,0.000000,0.000000,0.000000,0.000000,0.000000,0.000000,0.000000,0.000000,0.000000,0.000000,0.000000,0.000000
0.000000,0.000000,0.000000,0.000000,0.000000,0.000000,0.000000,0.000000,0.000000,0.000000,0.000000,0.000000,0.000000,0.000000,0.000000,0.000000,0.000000,0.000000,0.000000,0.000000,0.000000,0.000000,0.000000,0.000000,0.000000,0.000000,0.000000,0.000000,0.000000,0.000000,0.000000,0.000000,0.000000,0.000000,-0.269227,-0.121013,-0.104070,-0.007102,-0.013397,0.009289,-0.009521,-0.019261,-0.022564,-0.037713,-0.056573,-0.068231,-0.096848,-0.094527,-0.052033,-0.017800,-0.044675,-0.078368,-0.060814,-0.026377,-0.054706,-0.100458,-0.105957,-0.075474,-0.054841,-0.038692,-0.007219,0.016420,0.009769,0.038787,-0.013616,-0.002886,-0.117225,-0.096044,-0.290937,0.000000,0.000000,0.000000,0.000000,0.000000,0.000000,0.000000,0.000000,0.000000,0.000000,0.000000,0.000000,0.000000,0.000000,0.000000,0.000000,0.000000,0.000000,0.000000,0.000000,0.000000,0.000000,0.000000,0.000000,0.000000,0.000000,0.000000,0.000000,0.000000,0.000000,0.000000,0.000000,0.000000,0.000000
0.000000,0.000000,0.000000,0.000000,0.000000,0.000000,0.000000,0.000000,0.000000,0.000000,0.000000,0.000000,0.000000,0.000000,0.000000,0.000000,0.000000,0.000000,0.000000,0.000000,0.000000,0.000000,0.000000,0.000000,0.000000,0.000000,0.000000,0.000000,0.000000,0.000000,0.000000,0.000000,-0.274952,-0.060601,-0.083806,-0.013760,-0.047461,-0.029613,-0.049616,0.010600,0.035682,0.050935,0.071984,0.066108,0.051740,0.073774,0.027223,-0.019328,-0.031450,-0.005495,-0.023318,-0.091363,-0.044911,-0.007293,-0.036271,-0.029301,0.007683,0.058714,0.054054,0.055341,0.071570,0.052419,0.030297,0.030425,-0.015416,-0.000244,-0.007473,0.004345,-0.062886,-0.076248,-0.256218,0.000000,0.000000,0.000000,0.000000,0.000000,0.000000,0.000000,0.000000,0.000000,0.000000,0.000000,0.000000,0.000000,0.000000,0.000000,0.000000,0.000000,0.000000,0.000000,0.000000,0.000000,0.000000,0.000000,0.000000,0.000000,0.000000,0.000000,0.000000,0.000000,0.000000,0.000000,0.000000
0.000000,0.000000,0.000000,0.000000,0.000000,0.000000,0.000000,0.000000,0.000000,0.000000,0.000000,0.000000,0.000000,0.000000,0.000000,0.000000,0.000000,0.000000,0.000000,0.000000,0.000000,0.000000,0.000000,0.000000,0.000000,0.000000,0.000000,0.000000,0.000000,0.000000,-0.300460,-0.109391,-0.039913,-0.055298,-0.057378,-0.035584,0.013940,0.074575,0.064432,0.083234,0.069355,0.044676,0.044752,0.032241,0.023758,0.057285,0.053163,0.048708,0.035269,0.034310,0.002977,-0.082046,-0.022617,0.034313,0.028747,0.043198,0.044612,0.059681,0.036912,0.031842,0.050468,0.045152,0.053444,0.078262,0.067855,0.068759,0.039886,0.001253,-0.034035,-0.041288,-0.031050,-0.138274,-0.286308,0.000000,0.000000,0.000000,0.000000,0.000000,0.000000,0.000000,0.000000,0.000000,0.000000,0.000000,0.000000,0.000000,0.000000,0.000000,0.000000,0.000000,0.000000,0.000000,0.000000,0.000000,0.000000,0.000000,0.000000,0.000000,0.000000,0.000000,0.000000,0.000000,0.000000
0.000000,0.000000,0.000000,0.000000,0.000000,0.000000,0.000000,0.000000,0.000000,0.000000,0.000000,0.000000,0.000000,0.000000,0.000000,0.000000,0.000000,0.000000,0.000000,0.000000,0.000000,0.000000,0.000000,0.000000,0.000000,0.000000,0.000000,0.000000,-0.234114,-0.146982,-0.021601,-0.035398,-0.096840,-0.079997,-0.031727,0.019405,0.052016,0.069677,0.049038,0.047782,0.042069,0.046046,0.089330,0.089751,0.070601,0.078288,0.056041,0.056657,0.052712,0.053430,0.007522,-0.076473,-0.010833,0.055807,0.051373,0.061373,0.053639,0.081272,0.076707,0.076358,0.089801,0.057952,0.045994,0.049792,0.039782,0.047741,0.055991,0.024488,-0.026111,-0.068692,-0.080789,-0.030011,-0.042277,-0.126468,-0.184534,0.000000,0.000000,0.000000,0.000000,0.000000,0.000000,0.000000,0.000000,0.000000,0.000000,0.000000,0.000000,0.000000,0.000000,0.000000,0.000000,0.000000,0.000000,0.000000,0.000000,0.000000,0.000000,0.000000,0.000000,0.000000,0.000000,0.000000,0.000000
0.000000,0.000000,0.000000,0.000000,0.000000,0.000000,0.000000,0.000000,0.000000,0.000000,0.000000,0.000000,0.000000,0.000000,0.000000,0.000000,0.000000,0.000000,0.000000,0.000000,0.000000,0.000000,0.000000,0.000000,0.000000,0.000000,-0.250341,-0.090229,-0.026983,-0.030308,-0.087482,-0.068718,-0.082520,-0.075962,0.028826,0.083756,0.058917,0.047517,0.061511,0.080027,0.087690,0.071254,0.067636,0.048173,0.049648,0.068467,0.056788,0.064689,0.059748,0.060703,0.015124,-0.064885,0.002349,0.061676,0.058746,0.068427,0.049517,0.061165,0.048856,0.034114,0.064282,0.066848,0.070850,0.084817,0.066247,0.049997,0.068024,0.060544,-0.036809,-0.110967,-0.072524,-0.089007,-0.068333,0.009780,-0.003627,-0.020088,-0.304382,0.000000,0.000000,0.000000,0.000000,0.000000,0.000000,0.000000,0.000000,0.000000,0.000000,0.000000,0.000000,0.000000,0.000000,0.000000,0.000000,0.000000,0.000000,0.000000,0.000000,0.000000,0.000000,0.000000,0.000000,0.000000,0.000000
0.000000,0.000000,0.000000,0.000000,0.000000,0.000000,0.000000,0.000000,0.000000,0.000000,0.000000,0.000000,0.000000,0.000000,0.000000,0.000000,0.000000,0.000000,0.000000,0.000000,0.000000,0.000000,0.000000,0.000000,-0.290024,0.017883,-0.023170,0.028639,-0.016434,-0.059183,-0.066383,-0.094796,-0.085278,-0.048302,0.042538,0.077794,0.044823,0.063746,0.075823,0.067782,0.060083,0.050147,0.067987,0.060372,0.062106,0.079007,0.060803,0.072234,0.059219,0.068037,0.021462,-0.060188,0.010382,0.067423,0.061932,0.075080,0.061428,0.081889,0.077240,0.066009,0.074491,0.052565,0.048486,0.067070,0.073215,0.036482,0.047824,0.056865,-0.043729,-0.067152,-0.084306,-0.075038,0.020003,0.029887,0.034403,0.057641,-0.020223,0.016779,-0.234450,0.000000,0.000000,0.000000,0.000000,0.000000,0.000000,0.000000,0.000000,0.000000,0.000000,0.000000,0.000000,0.000000,0.000000,0.000000,0.000000,0.000000,0.000000,0.000000,0.000000,0.000000,0.000000,0.000000,0.000000
0.000000,0.000000,0.000000,0.000000,0.000000,0.000000,0.000000,0.000000,0.000000,0.000000,0.000000,0.000000,0.000000,0.000000,0.000000,0.000000,0.000000,0.000000,0.000000,0.000000,0.000000,0.000000,0.000000,-0.204897,0.011575,-0.027667,0.049095,0.054627,0.087001,0.033456,-0.039423,-0.063176,-0.089711,-0.072850,-0.004586,0.028951,0.050682,0.077804,0.070411,0.061077,0.063350,0.060879,0.072414,0.069873,0.071774,0.073566,0.064007,0.078362,0.059355,0.068934,0.026043,-0.058174,0.019405,0.072365,0.058800,0.074414,0.059112,0.064106,0.065234,0.061138,0.077328,0.068605,0.071789,0.065973,0.049197,0.027088,0.018522,-0.030285,-0.074273,-0.073160,-0.072345,-0.007510,0.052551,0.074296,0.087148,0.021915,0.056865,-0.025978,0.026125,-0.226559,0.000000,0.000000,0.000000,0.000000,0.000000,0.000000,0.000000,0.000000,0.000000,0.000000,0.000000,0.000000,0.000000,0.000000,0.000000,0.000000,0.000000,0.000000,0.000000,0.000000,0.000000,0.000000,0.000000
0.000000,0.000000,0.000000,0.000000,0.000000,0.000000,0.000000,0.000000,0.000000,0.000000,0.000000,0.000000,0.000000,0.000000,0.000000,0.000000,0.000000,0.000000,0.000000,0.000000,0.000000,-0.278482,-0.061244,-0.066104,-0.057555,-0.008938,0.052683,0.052244,0.059093,0.056161,0.000715,-0.064290,-0.107743,-0.116227,-0.047555,-0.005179,-0.003281,0.023749,0.050186,0.055172,0.070650,0.069692,0.067770,0.063216,0.051964,0.055910,0.049342,0.070217,0.062878,0.066212,0.023136,-0.060625,0.022359,0.069551,0.058611,0.069551,0.046750,0.054729,0.052103,0.053771,0.061337,0.063882,0.065773,0.043204,-0.010760,-0.039067,-0.036898,-0.061514,-0.107623,-0.115860,-0.050779,0.016317,0.067126,0.065690,0.040675,0.023073,0.058396,0.021287,-0.029327,-0.073096,-0.076203,-0.289481,0.000000,0.000000,0.000000,0.000000,0.000000,0.000000,0.000000,0.000000,0.000000,0.000000,0.000000,0.000000,0.000000,0.000000,0.000000,0.000000,0.000000,0.000000,0.000000,0.000000,0.000000
0.000000,0.000000,0.000000,0.000000,0.000000,0.000000,0.000000,0.000000,0.000000,0.000000,0.000000,0.000000,0.000000,0.000000,0.000000,0.000000,0.000000,0.000000,0.000000,0.000000,-0.211230,-0.001590,-0.079184,-0.079238,-0.054507,-0.032897,-0.002766,0.023479,0.064546,0.086810,0.039622,-0.046459,-0.096760,-0.095361,-0.077078,-0.046851,-0.037724,0.017619,0.060385,0.055722,0.072931,0.055313,0.045748,0.056352,0.062671,0.067254,0.067436,0.070936,0.052041,0.066135,0.016636,-0.063762,0.019646,0.065992,0.051996,0.076710,0.071507,0.080829,0.076586,0.067450,0.055311,0.061400,0.072446,0.037920,-0.009395,-0.074899,-0.059374,-0.056932,-0.104049,-0.089232,-0.036679,0.034986,0.078443,0.093974,0.083207,0.039192,-0.007650,-0.017093,-0.052366,-0.059894,-0.075969,-0.003017,-0.223909,0.000000,0.000000,0.000000,0.000000,0.000000,0.000000,0.000000,0.000000,0.000000,0.000000,0.000000,0.000000,0.000000,0.000000,0.000000,0.000000,0.000000,0.000000,0.000000,0.000000
0.000000,0.000000,0.000000,0.000000,0.000000,0.000000,0.000000,0.000000,0.000000,0.000000,0.000000,0.000000,0.000000,0.000000,0.000000,0.000000,0.000000,0.000000,0.000000,-0.197850,-0.050621,-0.056890,-0.089578,-0.096835,-0.091913,-0.079015,0.026593,0.067673,0.071629,0.094283,0.059694,-0.003899,-0.061478,-0.065654,-0.063402,-0.088221,-0.059379,0.009933,0.060280,0.064940,0.062790,0.064033,0.077214,0.083532,0.076445,0.073548,0.070400,0.070091,0.051009,0.082488,0.038317,-0.040723,0.043984,0.076855,0.048537,0.068452,0.061280,0.068990,0.066546,0.079574,0.071939,0.061341,0.059567,0.034521,-0.018573,-0.087899,-0.085086,-0.073254,-0.073118,-0.060570,-0.007859,0.054775,0.051280,0.052032,0.044478,0.017633,-0.037855,-0.098677,-0.086568,-0.108783,-0.090704,-0.057054,-0.028450,-0.236199,0.000000,0.000000,0.000000,0.000000,0.000000,0.000000,0.000000,0.000000,0.000000,0.000000,0.000000,0.000000,0.000000,0.000000,0.000000,0.000000,0.000000,0.000000,0.000000
0.000000,0.000000,0.000000,0.000000,0.000000,0.000000,0.000000,0.000000,0.000000,0.000000,0.000000,0.000000,0.000000,0.000000,0.000000,0.000000,0.000000,0.000000,-0.180572,-0.041091,-0.097610,-0.089030,-0.105249,-0.115228,-0.093080,-0.104183,-0.027377,0.046688,0.067142,0.059142,0.044432,0.028351,-0.044885,-0.094680,-0.110849,-0.106161,-0.062326,0.014728,0.076559,0.081355,0.068085,0.065151,0.058340,0.056218,0.050703,0.055747,0.056472,0.064941,0.060677,0.093510,0.054937,-0.029409,0.068875,0.089178,0.055569,0.069377,0.054099,0.057097,0.047706,0.059362,0.060148,0.062200,0.075983,0.074976,0.025102,-0.078307,-0.108646,-0.095367,-0.081708,-0.033771,0.026552,0.076124,0.053145,0.053243,0.064580,-0.023593,-0.123738,-0.110032,-0.082176,-0.120401,-0.101355,-0.073546,-0.074407,-0.024227,-0.219414,0.000000,0.000000,0.000000,0.000000,0.000000,0.000000,0.000000,0.000000,0.000000,0.000000,0.000000,0.000000,0.000000,0.000000,0.000000,0.000000,0.000000,0.000000
0.000000,0.000000,0.000000,0.000000,0.000000,0.000000,0.000000,0.000000,0.000000,0.000000,0.000000,0.000000,0.000000,0.000000,0.000000,0.000000,0.000000,-0.184729,-0.055322,-0.083502,-0.084409,-0.103973,-0.099483,-0.092806,-0.086001,-0.091929,0.009332,0.080846,0.050328,0.043858,0.058533,0.055526,0.011385,-0.024757,-0.046592,-0.021839,0.033095,0.053097,0.073306,0.073086,0.058202,0.065154,0.063151,0.062236,0.064645,0.070072,0.066472,0.068844,0.065275,0.083512,0.020980,-0.062692,0.044933,0.086378,0.057958,0.074164,0.065566,0.077762,0.069384,0.068709,0.072334,0.065177,0.066330,0.087285,0.073408,0.017440,-0.000149,-0.017507,-0.008146,0.035852,0.060774,0.086855,0.076190,0.064014,0.070551,0.022255,-0.058465,-0.078639,-0.069917,-0.088700,-0.112535,-0.111724,-0.078526,-0.052941,-0.041687,-0.230629,0.000000,0.000000,0.000000,0.000000,0.000000,0.000000,0.000000,0.000000,0.000000,0.000000,0.000000,0.000000,0.000000,0.000000,0.000000,0.000000,0.000000
0.000000,0.000000,0.000000,0.000000,0.000000,0.000000,0.000000,0.000000,0.000000,0.000000,0.000000,0.000000,0.000000,0.000000,0.000000,0.000000,-0.201124,-0.041434,-0.127805,-0.044519,-0.057290,-0.027147,-0.018705,-0.023430,-0.009718,0.005777,0.032564,0.073599,0.078941,0.063348,0.085516,0.084455,0.053458,0.043157,0.022135,0.025566,0.057231,0.058530,0.053972,0.060229,0.058729,0.061207,0.059158,0.072214,0.071024,0.067019,0.068924,0.065034,0.064213,0.076966,-0.002530,-0.081919,0.027026,0.080489,0.056118,0.067009,0.061142,0.065129,0.066652,0.059512,0.056117,0.059535,0.058102,0.069368,0.072389,0.056106,0.051621,0.042174,0.045878,0.067550,0.063393,0.069729,0.064383,0.069653,0.078274,0.024849,0.001075,-0.001135,-0.019737,-0.038220,-0.063216,-0.110354,-0.090867,-0.073572,-0.076637,-0.050902,-0.214388,0.000000,0.000000,0.000000,0.000000,0.000000,0.000000,0.000000,0.000000,0.000000,0.000000,0.000000,0.000000,0.000000,0.000000,0.000000,0.000000
0.000000,0.000000,0.000000,0.000000,0.000000,0.000000,0.000000,0.000000,0.000000,0.000000,0.000000,0.000000,0.000000,0.000000,0.000000,-0.193526,-0.036036,-0.087485,-0.022381,-0.001387,0.047502,0.048841,0.064493,0.034364,0.055085,0.062717,0.068119,0.067981,0.061564,0.064202,0.065103,0.058963,0.060582,0.079728,0.078000,0.071645,0.074877,0.057124,0.054740,0.067248,0.070864,0.064092,0.066078,0.072476,0.058882,0.058068,0.062371,0.065440,0.068902,0.089668,0.029162,-0.037239,0.053213,0.089460,0.061683,0.071688,0.061913,0.057764,0.066889,0.072724,0.068886,0.071930,0.064600,0.062741,0.057050,0.049416,0.071024,0.074963,0.077506,0.081318,0.054629,0.048501,0.065096,0.058011,0.045090,0.065724,0.072116,0.059349,0.039207,0.015540,-0.034356,-0.092661,-0.113200,-0.099844,-0.072530,-0.062612,-0.055897,-0.180978,0.000000,0.000000,0.000000,0.000000,0.000000,0.000000,0.000000,0.000000,0.000000,0.000000,0.000000,0.000000,0.000000,0.000000,0.000000
0.000000,0.000000,0.000000,0.000000,0.000000,0.000000,0.000000,0.000000,0.000000,0.000000,0.000000,0.000000,0.000000,0.000000,-0.191288,-0.058400,-0.107909,-0.047154,-0.006889,0.070259,0.067824,0.073217,0.061736,0.064569,0.073424,0.080667,0.052992,0.053341,0.077536,0.074369,0.062194,0.049580,0.048408,0.063066,0.071613,0.065792,0.067213,0.065456,0.059193,0.067433,0.065072,0.054765,0.054664,0.061193,0.061853,0.072558,0.068879,0.055262,0.047124,0.069849,0.028357,-0.023674,0.050290,0.067919,0.044331,0.063358,0.071969,0.065299,0.060400,0.062366,0.053029,0.065615,0.068824,0.067116,0.057272,0.055586,0.075435,0.070041,0.062496,0.059751,0.057061,0.062540,0.065720,0.076768,0.078056,0.065778,0.070507,0.076208,0.076351,0.046590,-0.015623,-0.085210,-0.102326,-0.090461,-0.054882,-0.028721,-0.053204,-0.018289,-0.181943,0.000000,0.000000,0.000000,0.000000,0.000000,0.000000,0.000000,0.000000,0.000000,0.000000,0.000000,0.000000,0.000000,0.000000
0.000000,0.000000,0.000000,0.000000,0.000000,0.000000,0.000000,0.000000,0.000000,0.000000,0.000000,0.000000,0.000000,-0.179981,-0.053528,-0.076198,-0.079000,-0.017513,0.050339,0.067131,0.065865,0.043904,0.067958,0.067082,0.064941,0.062659,0.076233,0.067948,0.056185,0.061557,0.066593,0.085793,0.082538,0.061583,0.057943,0.059382,0.069432,0.070366,0.058794,0.056675,0.063571,0.063835,0.070934,0.070271,0.064842,0.075817,0.063299,0.037226,0.023879,0.042041,-0.003552,-0.052863,0.021455,0.040974,0.020904,0.047164,0.069390,0.070149,0.060931,0.069302,0.064121,0.064412,0.062173,0.059157,0.059511,0.064272,0.074731,0.059105,0.051434,0.062360,0.082026,0.078793,0.063327,0.060288,0.056101,0.079252,0.069066,0.052823,0.075259,0.066959,-0.006236,-0.070017,-0.080772,-0.060317,-0.001950,0.030199,0.069084,-0.027467,0.010324,-0.227456,0.000000,0.000000,0.000000,0.000000,0.000000,0.000000,0.000000,0.000000,0.000000,0.000000,0.000000,0.000000,0.000000
0.000000,0.000000,0.000000,0.000000,0.000000,0.000000,0.000000,0.000000,0.000000,0.000000,0.000000,0.000000,-0.206506,-0.062955,-0.080920,-0.089189,-0.071577,0.014289,0.076255,0.068461,0.055141,0.074762,0.079447,0.066112,0.061389,0.064025,0.067222,0.063970,0.060675,0.059664,0.054130,0.058721,0.063266,0.066443,0.074541,0.066721,0.059836,0.064989,0.067044,0.062928,0.066185,0.066751,0.056617,0.054391,0.053317,0.057650,0.040238,0.013356,0.026007,0.060590,-0.000008,-0.055346,0.030676,0.058422,0.016652,0.028069,0.057526,0.064729,0.058336,0.063095,0.064733,0.073791,0.067978,0.063065,0.064488,0.064577,0.066341,0.063263,0.067861,0.060070,0.060076,0.056914,0.054695,0.069784,0.066612,0.059271,0.060755,0.066222,0.065413,0.069442,0.042157,-0.011280,-0.033390,0.011451,0.034020,0.068938,0.036368,0.099667,-0.063044,-0.030907,-0.187164,0.000000,0.000000,0.000000,0.000000,0.000000,0.000000,0.000000,0.000000,0.000000,0.000000,0.000000,0.000000
0.000000,0.000000,0.000000,0.000000,0.000000,0.000000,0.000000,0.000000,0.000000,0.000000,0.000000,-0.289612,-0.026030,-0.051029,-0.072923,-0.101643,-0.078567,0.015903,0.072651,0.047393,0.067926,0.076037,0.056996,0.056559,0.069203,0.065627,0.061683,0.063186,0.063285,0.079643,0.071581,0.065531,0.062340,0.061481,0.069393,0.061360,0.058564,0.060787,0.065500,0.062368,0.057045,0.059472,0.065741,0.067067,0.067286,0.067089,0.033338,-0.009001,0.011558,0.057712,-0.011619,-0.071498,0.024846,0.053429,-0.002465,0.006556,0.048495,0.067993,0.064042,0.066287,0.064472,0.063210,0.058561,0.061874,0.066247,0.062488,0.061172,0.062677,0.070790,0.063679,0.062812,0.067013,0.073688,0.076963,0.063865,0.068752,0.063041,0.069352,0.065766,0.053312,0.070759,0.056192,0.045399,0.034227,0.069294,0.044487,0.080782,0.052238,0.046238,-0.046097,-0.038094,-0.211657,0.000000,0.000000,0.000000,0.000000,0.000000,0.000000,0.000000,0.000000,0.000000,0.000000,0.000000
0.000000,0.000000,0.000000,0.000000,0.000000,0.000000,0.000000,0.000000,0.000000,0.000000,0.000000,-0.069819,-0.069767,-0.082656,-0.080783,-0.096183,-0.067863,0.011069,0.063440,0.067788,0.074463,0.060030,0.055475,0.064466,0.079915,0.069198,0.054280,0.061548,0.056113,0.060320,0.056949,0.059712,0.067097,0.066407,0.067734,0.065584,0.070628,0.066944,0.065939,0.069937,0.069951,0.071227,0.069446,0.071111,0.067333,0.065413,0.022043,-0.042630,-0.033263,0.010414,-0.050158,-0.102323,-0.017545,0.006415,-0.043149,-0.018507,0.045378,0.070842,0.069787,0.072218,0.068805,0.073596,0.070404,0.068788,0.068037,0.066674,0.069026,0.063986,0.068488,0.064977,0.066155,0.064327,0.060907,0.060103,0.057965,0.064104,0.056473,0.058333,0.062096,0.058393,0.062274,0.064751,0.074236,0.071283,0.077809,0.071339,0.046365,0.068183,0.016688,-0.069940,-0.052291,-0.111569,0.000000,0.000000,0.000000,0.000000,0.000000,0.000000,0.000000,0.000000,0.000000,0.000000,0.000000
0.000000,0.000000,0.000000,0.000000,0.000000,0.000000,0.000000,0.000000,0.000000,0.000000,-0.203783,-0.058819,-0.027701,-0.067005,-0.093928,-0.095626,-0.077115,-0.019947,0.039298,0.077971,0.071300,0.052780,0.064929,0.072375,0.065616,0.060710,0.064736,0.081851,0.069909,0.071356,0.068715,0.067126,0.066028,0.057588,0.056160,0.060714,0.070339,0.062270,0.061455,0.064809,0.063089,0.059540,0.057641,0.056403,0.055733,0.057302,0.019032,-0.053862,-0.067214,-0.023823,-0.044078,-0.075625,-0.029171,-0.033064,-0.072138,-0.025966,0.043181,0.060220,0.057363,0.059902,0.060388,0.063177,0.061529,0.064608,0.061381,0.062681,0.068831,0.058892,0.057357,0.059058,0.066615,0.067663,0.068208,0.068421,0.065318,0.076470,0.065912,0.066763,0.060302,0.067195,0.061796,0.050653,0.058681,0.062423,0.079884,0.065258,0.064618,0.045266,-0.024467,-0.071542,-0.105874,-0.050739,-0.204808,0.000000,0.000000,0.000000,0.000000,0.000000,0.000000,0.000000,0.000000,0.000000,0.000000
0.000000,0.000000,0.000000,0.000000,0.000000,0.000000,0.000000,0.000000,0.000000,-0.277444,0.046191,0.011715,0.033666,-0.023282,-0.065433,-0.101758,-0.116495,-0.067243,0.003014,0.049950,0.066550,0.061271,0.071819,0.065190,0.050942,0.068862,0.062360,0.066167,0.062264,0.067376,0.067310,0.064853,0.065754,0.066685,0.072552,0.068542,0.070098,0.066483,0.069981,0.070431,0.068942,0.069209,0.066442,0.069009,0.070875,0.073919,0.041052,-0.031312,-0.073057,-0.051364,-0.045573,-0.060134,-0.045229,-0.062239,-0.067210,-0.003791,0.057624,0.072420,0.065478,0.064595,0.066897,0.070369,0.066870,0.068310,0.067477,0.067615,0.068596,0.065192,0.068559,0.065843,0.068089,0.062390,0.063477,0.067221,0.063951,0.060183,0.051762,0.065666,0.055960,0.058141,0.070210,0.068311,0.071672,0.043821,0.057442,0.071574,0.072580,0.043747,-0.021235,-0.091485,-0.077539,-0.081353,-0.027886,-0.292869,0.000000,0.000000,0.000000,0.000000,0.000000,0.000000,0.000000,0.000000,0.000000
0.000000,0.000000,0.000000,0.000000,0.000000,0.000000,0.000000,0.000000,0.000000,0.003729,-0.036345,0.054261,0.081964,0.018910,-0.031884,-0.097512,-0.105397,-0.064294,-0.016398,0.021894,0.064607,0.074068,0.062004,0.063004,0.063465,0.088112,0.068230,0.062187,0.065161,0.068949,0.066022,0.059885,0.062807,0.064604,0.066746,0.061584,0.063406,0.065613,0.068354,0.066424,0.063712,0.063172,0.066654,0.068178,0.065795,0.067416,0.057396,0.006066,-0.047830,-0.062942,-0.069747,-0.079157,-0.070157,-0.062817,-0.032071,0.027278,0.065730,0.066933,0.063296,0.067725,0.067445,0.065967,0.063334,0.065417,0.065911,0.063409,0.061493,0.061212,0.063564,0.062827,0.066061,0.060822,0.062565,0.067805,0.066038,0.064983,0.059835,0.075459,0.064838,0.063341,0.065027,0.066864,0.079539,0.067050,0.057705,0.064253,0.084685,0.009461,-0.077877,-0.141944,-0.096354,-0.100992,-0.051501,-0.029991,0.000000,0.000000,0.000000,0.000000,0.000000,0.000000,0.000000,0.000000,0.000000
0.000000,0.000000,0.000000,0.000000,0.000000,0.000000,0.000000,0.000000,-0.279015,-0.039096,0.035247,0.063317,0.031770,0.064308,-0.014858,-0.062394,-0.080220,-0.076060,-0.044141,0.007068,0.053602,0.067714,0.053772,0.065408,0.056851,0.067277,0.055283,0.060469,0.071760,0.064424,0.063594,0.065304,0.069883,0.067078,0.066341,0.063857,0.069345,0.069798,0.067421,0.066741,0.067732,0.066244,0.060699,0.060145,0.064170,0.066204,0.070331,0.057353,0.018626,-0.013802,-0.033089,-0.040748,-0.028063,-0.004288,0.031971,0.061642,0.063166,0.058245,0.061401,0.062356,0.063174,0.066873,0.065226,0.063059,0.064207,0.067259,0.068641,0.068512,0.068362,0.065195,0.068170,0.062895,0.063099,0.063076,0.066095,0.068212,0.058471,0.069608,0.060708,0.070985,0.056330,0.052576,0.066277,0.080297,0.062784,0.067701,0.058482,0.038094,-0.062003,-0.083875,-0.119486,-0.065581,-0.085159,-0.053337,-0.266302,0.000000,0.000000,0.000000,0.000000,0.000000,0.000000,0.000000,0.000000
0.000000,0.000000,0.000000,0.000000,0.000000,0.000000,0.000000,0.000000,-0.057685,0.021422,0.018328,0.049143,0.046309,0.063926,0.015890,-0.024744,-0.091305,-0.118317,-0.082722,-0.002970,0.041047,0.068242,0.066467,0.079812,0.067613,0.060901,0.063033,0.068793,0.070455,0.057674,0.060207,0.063330,0.061777,0.057796,0.059975,0.060971,0.064035,0.063606,0.062253,0.065582,0.069670,0.067146,0.067644,0.064209,0.067084,0.069689,0.070163,0.071003,0.060543,0.044881,0.035614,0.033372,0.040023,0.051363,0.065593,0.069483,0.066837,0.067582,0.066842,0.067187,0.068807,0.067091,0.067262,0.063153,0.060638,0.065172,0.064644,0.064214,0.064023,0.061057,0.063623,0.061742,0.063624,0.064214,0.064883,0.068005,0.059941,0.064650,0.056415,0.081716,0.074049,0.060719,0.057480,0.071491,0.062750,0.056876,0.063060,0.082757,0.044229,0.018181,-0.050259,-0.031310,-0.028410,-0.013999,-0.075907,0.000000,0.000000,0.000000,0.000000,0.000000,0.000000,0.000000,0.000000
0.000000,0.000000,0.000000,0.000000,0.000000,0.000000,0.000000,-0.228673,-0.038142,-0.049998,0.095395,0.073132,0.086603,0.078505,0.065245,0.002778,-0.023534,-0.086391,-0.043334,0.015125,0.047415,0.076223,0.053844,0.064355,0.069113,0.059762,0.066013,0.065347,0.065366,0.061755,0.068101,0.064841,0.064407,0.062498,0.065306,0.064582,0.062606,0.063557,0.062254,0.063914,0.065308,0.062968,0.067133,0.065849,0.062543,0.060430,0.061239,0.065391,0.067227,0.067127,0.068898,0.069934,0.066734,0.065358,0.066804,0.065587,0.063117,0.061018,0.063319,0.068116,0.065584,0.062196,0.065712,0.064925,0.063092,0.063514,0.064313,0.064316,0.064820,0.067006,0.068050,0.061770,0.067536,0.067363,0.065816,0.064249,0.066139,0.068483,0.054333,0.062954,0.067410,0.072575,0.066644,0.053118,0.072370,0.058570,0.071671,0.070578,0.086155,0.030433,0.019618,0.021340,0.072691,-0.021878,-0.026923,-0.242496,0.000000,0.000000,0.000000,0.000000,0.000000,0.000000,0.000000
0.000000,0.000000,0.000000,0.000000,0.000000,0.000000,0.000000,-0.129058,-0.038464,-0.070253,-0.020444,0.028865,0.065842,0.059242,0.046939,0.041391,0.043883,0.004158,0.034903,0.062565,0.062443,0.087928,0.053552,0.060889,0.072951,0.061548,0.062247,0.058507,0.064490,0.065353,0.066557,0.058287,0.061933,0.064540,0.063591,0.063190,0.066308,0.066771,0.062491,0.061330,0.061242,0.065338,0.067936,0.063493,0.065732,0.065261,0.063026,0.063438,0.066289,0.064934,0.062896,0.063494,0.064434,0.067629,0.069404,0.066432,0.064306,0.065953,0.068215,0.068050,0.066701,0.063753,0.064909,0.063643,0.061968,0.061933,0.064556,0.061353,0.061224,0.066139,0.065395,0.059322,0.061818,0.064722,0.066548,0.059718,0.060733,0.075479,0.067652,0.060720,0.053088,0.082417,0.068991,0.055561,0.067652,0.065401,0.063352,0.044469,0.076164,0.061951,0.050202,0.066094,0.081598,-0.033943,-0.022796,-0.136831,0.000000,0.000000,0.000000,0.000000,0.000000,0.000000,0.000000
0.000000,0.000000,0.000000,0.000000,0.000000,0.000000,-0.258734,-0.030859,-0.081843,-0.073854,-0.064681,-0.027724,0.029595,0.055205,0.053280,0.067320,0.080177,0.061952,0.061405,0.074450,0.044325,0.076185,0.070999,0.065811,0.071046,0.063408,0.065769,0.061081,0.069412,0.067298,0.066578,0.065479,0.067511,0.066719,0.062565,0.063249,0.066472,0.065679,0.062631,0.061835,0.063457,0.067894,0.065975,0.058283,0.060229,0.063524,0.064408,0.062861,0.061966,0.062030,0.065457,0.069887,0.067112,0.065641,0.064942,0.064331,0.065650,0.065889,0.063233,0.060732,0.064838,0.066653,0.066376,0.063948,0.062071,0.061591,0.063494,0.063800,0.065253,0.066747,0.069403,0.064592,0.064705,0.065324,0.071218,0.061119,0.056576,0.063427,0.075258,0.075617,0.051920,0.074095,0.060365,0.061371,0.058671,0.066838,0.069104,0.046480,0.060429,0.093165,0.068356,0.063896,0.026101,-0.030788,-0.081429,-0.040995,-0.289972,0.000000,0.000000,0.000000,0.000000,0.000000,0.000000
0.000000,0.000000,0.000000,0.000000,0.000000,0.000000,-0.122240,-0.034318,-0.074313,-0.118318,-0.080690,-0.066474,-0.010944,0.062341,0.070270,0.078763,0.075800,0.052343,0.065093,0.082811,0.037885,0.067253,0.070499,0.057744,0.060693,0.059226,0.064887,0.058958,0.064191,0.060539,0.062138,0.067191,0.067753,0.063606,0.060861,0.063141,0.061358,0.062860,0.065213,0.064598,0.064740,0.064125,0.065959,0.063697,0.064756,0.063662,0.064557,0.065050,0.062808,0.062974,0.064293,0.065976,0.066103,0.066345,0.066439,0.066386,0.064021,0.064331,0.066512,0.062497,0.062455,0.066192,0.069136,0.067938,0.065988,0.062187,0.062719,0.064792,0.065340,0.065975,0.068655,0.065313,0.067086,0.062800,0.065386,0.066202,0.066298,0.055725,0.064893,0.074298,0.057480,0.064313,0.059071,0.082867,0.050958,0.060280,0.086123,0.056902,0.067494,0.069215,0.048536,0.022161,-0.034416,-0.100249,-0.079733,-0.035014,-0.124201,0.000000,0.000000,0.000000,0.000000,0.000000,0.000000
0.000000,0.000000,0.000000,0.000000,0.000000,-0.201021,-0.049672,-0.102699,-0.079032,-0.106131,-0.102178,-0.087922,-0.066911,0.025893,0.062049,0.067861,0.053539,0.045589,0.064477,0.087037,0.049253,0.064741,0.067346,0.060108,0.068647,0.061202,0.065657,0.060688,0.063986,0.061321,0.064184,0.065068,0.064465,0.065057,0.065876,0.064102,0.061042,0.064752,0.065250,0.065065,0.063950,0.060627,0.061897,0.064064,0.066337,0.065051,0.065786,0.064392,0.063693,0.065222,0.065391,0.067017,0.066186,0.065221,0.062974,0.062168,0.062805,0.064461,0.066673,0.063030,0.062418,0.066450,0.067712,0.068020,0.068801,0.066322,0.065316,0.063647,0.067268,0.068932,0.066906,0.065525,0.069689,0.062040,0.062485,0.061760,0.073849,0.063109,0.062941,0.066563,0.067030,0.063228,0.059730,0.086883,0.044737,0.059236,0.068035,0.044499,0.027570,0.011563,-0.027011,-0.037369,-0.081536,-0.099319,-0.071647,-0.084722,-0.043541,-0.242217,0.000000,0.000000,0.000000,0.000000,0.000000
0.000000,0.000000,0.000000,0.000000,0.000000,-0.067453,-0.053689,-0.084980,-0.075442,-0.078620,-0.068381,-0.097899,-0.097798,0.000625,0.063506,0.072740,0.062022,0.076512,0.058544,0.073878,0.051725,0.063264,0.058551,0.060787,0.069090,0.060189,0.064806,0.061006,0.064670,0.063225,0.064124,0.063140,0.062681,0.066040,0.066102,0.064679,0.064403,0.065672,0.066217,0.066455,0.066975,0.065383,0.063399,0.063867,0.065689,0.065222,0.068691,0.066600,0.063172,0.064269,0.067743,0.069294,0.064621,0.061557,0.061561,0.065626,0.067092,0.064337,0.062818,0.061744,0.065196,0.066371,0.064839,0.065657,0.068336,0.066301,0.064563,0.064458,0.068530,0.068767,0.064842,0.062427,0.067907,0.067935,0.067952,0.058490,0.069249,0.064930,0.069101,0.060573,0.068933,0.062866,0.058537,0.064722,0.058212,0.077412,0.047161,-0.001802,-0.044422,-0.053530,-0.105044,-0.105447,-0.068753,-0.061282,-0.083311,-0.070102,-0.050339,-0.068638,0.000000,0.000000,0.000000,0.000000,0.000000
0.000000,0.000000,0.000000,0.000000,-0.314059,-0.050254,-0.066780,-0.026786,0.011658,-0.037606,-0.055982,-0.097660,-0.103231,-0.003437,0.059423,0.070944,0.056654,0.082344,0.054711,0.072407,0.070525,0.077091,0.065317,0.058925,0.064506,0.058139,0.068289,0.061967,0.065880,0.064842,0.063782,0.063262,0.064097,0.064674,0.062296,0.064273,0.065959,0.063630,0.064633,0.064788,0.064788,0.065830,0.063097,0.061847,0.063652,0.065204,0.065935,0.065076,0.065251,0.065485,0.066076,0.064424,0.063020,0.065575,0.065111,0.067276,0.066964,0.064477,0.063665,0.064588,0.065311,0.063483,0.065693,0.066961,0.065593,0.064532,0.065726,0.065566,0.067540,0.068613,0.066748,0.061135,0.061836,0.065330,0.073159,0.064140,0.065501,0.063083,0.072397,0.057095,0.067671,0.068687,0.069749,0.055583,0.078487,0.079630,0.016745,-0.042592,-0.075674,-0.066222,-0.129715,-0.085181,-0.032157,0.008969,0.006010,-0.012469,-0.035106,-0.070950,-0.281085,0.000000,0.000000,0.000000,0.000000
0.000000,0.000000,0.000000,0.000000,-0.125463,-0.029177,-0.047395,0.030551,0.075183,0.010780,-0.056606,-0.080602,-0.061661,0.021917,0.067884,0.072315,0.058093,0.070700,0.050485,0.067683,0.063178,0.067281,0.066204,0.061333,0.061895,0.056394,0.067730,0.062739,0.065661,0.066673,0.065423,0.063935,0.065367,0.064171,0.064208,0.065768,0.065340,0.063131,0.060673,0.062708,0.064205,0.063272,0.062947,0.064158,0.064855,0.064457,0.064215,0.063168,0.064663,0.064639,0.065465,0.066627,0.064670,0.063812,0.064081,0.065884,0.066978,0.065201,0.064227,0.065439,0.067197,0.066925,0.066219,0.065942,0.064889,0.063490,0.064891,0.064286,0.064386,0.065068,0.065566,0.066815,0.065280,0.060073,0.068045,0.066724,0.064930,0.057047,0.068823,0.060666,0.066363,0.068519,0.072993,0.057158,0.071934,0.057269,-0.009681,-0.062349,-0.092627,-0.059566,-0.065766,-0.026334,0.016525,0.080508,0.073917,0.024891,-0.010055,0.000851,-0.107070,0.000000,0.000000,0.000000,0.000000
0.000000,0.000000,0.000000,0.000000,-0.129962,-0.048614,-0.006729,0.065412,0.061977,0.013934,0.002124,-0.025539,0.004939,0.065822,0.061937,0.071049,0.069969,0.079218,0.062322,0.076203,0.059839,0.060092,0.062207,0.065105,0.065958,0.059759,0.066040,0.061393,0.068597,0.066556,0.065167,0.066003,0.067076,0.066242,0.065796,0.065840,0.065087,0.064858,0.063492,0.065589,0.063763,0.063555,0.064700,0.065269,0.066432,0.066027,0.066981,0.066933,0.065943,0.063479,0.061906,0.062933,0.062669,0.062064,0.063149,0.066328,0.067636,0.064221,0.061815,0.064155,0.066649,0.067774,0.065699,0.065252,0.067274,0.066761,0.063616,0.064515,0.065853,0.061507,0.060105,0.067008,0.071975,0.063502,0.060158,0.063571,0.068492,0.056833,0.065086,0.066041,0.067570,0.056763,0.060776,0.060834,0.065131,0.060466,0.015373,-0.046034,-0.125960,-0.066733,-0.048210,-0.010099,0.044759,0.047977,0.054440,0.051662,0.032516,-0.024259,-0.119705,0.000000,0.000000,0.000000,0.000000
0.000000,0.000000,0.000000,-0.211974,-0.042198,-0.054732,0.058914,0.063397,0.044247,0.046010,0.056175,0.029542,0.059132,0.079229,0.052986,0.048599,0.057174,0.064784,0.061833,0.072664,0.064164,0.065946,0.063665,0.061086,0.067295,0.060628,0.065228,0.062024,0.068081,0.066475,0.065861,0.067206,0.066668,0.064291,0.062687,0.063574,0.065004,0.066904,0.067372,0.066107,0.066507,0.068034,0.068205,0.066648,0.064982,0.065195,0.065969,0.066466,0.065317,0.062515,0.064683,0.065242,0.063991,0.063212,0.061575,0.064057,0.064868,0.062540,0.061237,0.063934,0.065724,0.063503,0.065783,0.066301,0.065363,0.068241,0.064333,0.061815,0.065365,0.063649,0.061412,0.062813,0.066127,0.064515,0.059641,0.059329,0.069197,0.064026,0.065034,0.063230,0.068662,0.057220,0.065237,0.073664,0.070856,0.070244,0.058263,-0.016732,-0.099965,-0.074460,-0.053318,-0.016229,0.052948,0.056331,0.043928,0.056210,0.069996,-0.013134,-0.020133,-0.248043,0.000000,0.000000,0.000000
0.000000,0.000000,0.000000,-0.130369,-0.046872,-0.062892,0.063739,0.039856,0.056906,0.078929,0.071489,0.058397,0.073716,0.081933,0.072068,0.062306,0.063962,0.061303,0.060724,0.063027,0.061118,0.067812,0.066158,0.061839,0.070163,0.061460,0.063069,0.060279,0.065532,0.064892,0.066694,0.066045,0.064513,0.061866,0.061957,0.064677,0.064715,0.067228,0.064967,0.062957,0.065651,0.068096,0.068383,0.068254,0.065148,0.062032,0.061611,0.062725,0.063548,0.061434,0.062287,0.064659,0.064426,0.061449,0.060608,0.064084,0.064228,0.064202,0.064516,0.064365,0.064493,0.063819,0.064429,0.067076,0.064653,0.065302,0.066100,0.063690,0.063058,0.065785,0.068608,0.066994,0.063355,0.066066,0.065492,0.061990,0.066261,0.065465,0.064817,0.056560,0.063682,0.065310,0.067173,0.067582,0.061656,0.057320,0.058337,0.035899,-0.010027,-0.014976,0.003906,0.013088,0.059306,0.080200,0.064247,0.049163,0.064855,-0.034950,-0.026443,-0.097076,0.000000,0.000000,0.000000
0.000000,0.000000,0.000000,-0.171346,-0.019227,-0.025516,0.083825,0.042345,0.076577,0.074543,0.056388,0.051770,0.050440,0.062758,0.069198,0.070043,0.070233,0.066609,0.068193,0.062476,0.058468,0.066187,0.064390,0.062374,0.069995,0.059154,0.061048,0.059648,0.063618,0.064225,0.066700,0.065956,0.064326,0.063565,0.063443,0.065537,0.067179,0.065146,0.062572,0.063676,0.061546,0.061678,0.064967,0.066941,0.062901,0.060733,0.062014,0.062875,0.065014,0.065188,0.065318,0.063958,0.065269,0.063835,0.063333,0.064500,0.064609,0.065610,0.067569,0.068834,0.066280,0.065515,0.064485,0.065446,0.066286,0.064720,0.066219,0.068564,0.064148,0.061561,0.066300,0.067686,0.064386,0.065134,0.067523,0.069015,0.065057,0.062323,0.065913,0.059802,0.066896,0.065423,0.066417,0.058433,0.065124,0.059802,0.062322,0.082572,0.072158,0.050632,0.042111,0.049903,0.063845,0.067689,0.079796,0.054643,0.074079,0.028915,0.022507,-0.160354,0.000000,0.000000,0.000000
0.000000,0.000000,0.000000,-0.164222,-0.027743,-0.001729,0.078678,0.042026,0.084217,0.066304,0.060665,0.072724,0.068053,0.061958,0.066161,0.063778,0.062918,0.063761,0.066680,0.067218,0.061215,0.062810,0.066241,0.062483,0.071500,0.058954,0.065175,0.062279,0.062256,0.064507,0.066694,0.063004,0.065186,0.065722,0.063502,0.064406,0.064500,0.065747,0.063476,0.063402,0.063045,0.061329,0.062975,0.066795,0.065097,0.063856,0.064714,0.064224,0.064677,0.065283,0.065504,0.063533,0.063447,0.064942,0.065210,0.064232,0.064419,0.066896,0.070035,0.071440,0.067393,0.066051,0.066027,0.065331,0.065320,0.064262,0.063414,0.068237,0.065470,0.061921,0.063573,0.066840,0.065455,0.064451,0.065479,0.070208,0.065066,0.059554,0.065528,0.058840,0.067735,0.059198,0.065089,0.061334,0.071911,0.070158,0.059776,0.069079,0.075990,0.064416,0.066316,0.064392,0.066567,0.050763,0.079308,0.046991,0.055823,0.036014,0.000159,-0.148347,0.000000,0.000000,0.000000
0.000000,0.000000,0.000000,-0.120778,-0.031562,0.020685,0.053963,0.037417,0.061388,0.050592,0.060602,0.078693,0.060796,0.066598,0.067148,0.066708,0.068169,0.068286,0.062782,0.066942,0.064385,0.064812,0.068062,0.063401,0.073948,0.063833,0.068182,0.062925,0.062829,0.064456,0.066672,0.061547,0.061669,0.064244,0.063032,0.063576,0.062178,0.064798,0.064089,0.063480,0.064361,0.062400,0.062468,0.064820,0.066647,0.065468,0.064617,0.065047,0.068248,0.067573,0.063952,0.065097,0.065371,0.065199,0.065585,0.062793,0.062295,0.064691,0.067781,0.067851,0.066768,0.067449,0.066783,0.068256,0.066503,0.063485,0.062352,0.062899,0.063381,0.064726,0.063229,0.064658,0.066976,0.064529,0.062376,0.068176,0.064527,0.062550,0.070189,0.060343,0.071692,0.061071,0.069865,0.064364,0.066448,0.073977,0.058821,0.067654,0.066353,0.069077,0.061131,0.067092,0.070845,0.057026,0.072945,0.052077,0.041660,0.053882,-0.000337,-0.106782,0.000000,0.000000,0.000000
0.000000,0.000000,-0.180373,-0.070369,-0.037553,0.058985,0.052627,0.078771,0.064847,0.071391,0.067487,0.072762,0.046090,0.074097,0.063700,0.065844,0.067253,0.069910,0.059781,0.067544,0.062195,0.070082,0.064550,0.060001,0.066880,0.066515,0.067030,0.064597,0.067049,0.067166,0.063836,0.062864,0.060892,0.063624,0.064368,0.065568,0.065709,0.062457,0.061967,0.064251,0.063553,0.062993,0.063121,0.065466,0.065542,0.063465,0.062733,0.063609,0.067073,0.068115,0.065520,0.064479,0.065651,0.066233,0.065379,0.063721,0.062907,0.064439,0.065624,0.065003,0.066732,0.067962,0.066168,0.068442,0.066210,0.064209,0.063521,0.062053,0.062442,0.065177,0.062220,0.066698,0.066315,0.065070,0.062348,0.067275,0.061776,0.067405,0.067609,0.057221,0.066396,0.064498,0.063009,0.068873,0.053494,0.070347,0.054069,0.071297,0.055467,0.075960,0.045595,0.056187,0.070971,0.068516,0.055955,0.079657,0.041558,0.067061,-0.022939,-0.039970,-0.202071,0.000000,0.000000
0.000000,0.000000,-0.160753,-0.052662,-0.062062,0.055507,0.033104,0.079872,0.055001,0.063615,0.063122,0.071141,0.055360,0.079200,0.062887,0.059637,0.066435,0.070301,0.062760,0.070281,0.059302,0.069437,0.068061,0.061593,0.064642,0.066980,0.067568,0.064406,0.068349,0.067833,0.059992,0.063806,0.063628,0.064688,0.066556,0.065110,0.065660,0.064930,0.063457,0.062088,0.062383,0.063319,0.063894,0.066793,0.066889,0.064239,0.062905,0.064202,0.067681,0.067467,0.064893,0.064450,0.065087,0.064258,0.064384,0.065745,0.065870,0.065708,0.065210,0.064790,0.065424,0.066770,0.069053,0.068130,0.063459,0.062686,0.063765,0.065199,0.061979,0.061885,0.065468,0.066637,0.061637,0.065390,0.064396,0.068527,0.063488,0.068734,0.070210,0.056321,0.069471,0.065124,0.060491,0.070198,0.060822,0.072229,0.063125,0.066781,0.051344,0.087074,0.069075,0.061030,0.070552,0.078262,0.046560,0.096802,0.048313,0.076423,-0.023501,-0.023746,-0.171475,0.000000,0.000000
0.000000,0.000000,-0.140701,-0.059089,-0.076742,0.045113,0.025599,0.065603,0.053753,0.055947,0.064025,0.064840,0.062171,0.075494,0.058136,0.063364,0.068200,0.061122,0.060733,0.066909,0.058011,0.068148,0.068810,0.062763,0.067993,0.065231,0.062705,0.062510,0.064574,0.066156,0.063596,0.068799,0.067023,0.065587,0.066525,0.066567,0.066194,0.065844,0.064705,0.062170,0.061244,0.060135,0.063414,0.066444,0.065774,0.065693,0.063459,0.064425,0.066410,0.064130,0.062504,0.064695,0.064557,0.061387,0.062132,0.063946,0.064951,0.065604,0.064548,0.066536,0.069406,0.067433,0.067405,0.067511,0.063897,0.064319,0.065261,0.069479,0.064563,0.062237,0.067871,0.066621,0.061776,0.067900,0.064248,0.072413,0.062416,0.064641,0.071163,0.056546,0.071206,0.066145,0.059053,0.067551,0.059868,0.065101,0.072847,0.070707,0.045102,0.073945,0.074750,0.053604,0.066257,0.070229,0.043192,0.075213,0.023999,0.044616,-0.055505,-0.057677,-0.145276,0.000000,0.000000
0.000000,0.000000,-0.155066,-0.060757,-0.087875,0.049889,0.056685,0.073845,0.070866,0.070692,0.068529,0.064982,0.062476,0.069631,0.061012,0.068294,0.069397,0.057403,0.064588,0.074880,0.063258,0.065048,0.060420,0.056869,0.068057,0.069750,0.065864,0.066111,0.061367,0.061207,0.065518,0.067400,0.066298,0.065022,0.064631,0.065681,0.067073,0.065513,0.063126,0.061984,0.062533,0.061957,0.062991,0.063811,0.064288,0.065725,0.063821,0.063173,0.063936,0.062783,0.062772,0.064721,0.065308,0.064734,0.062384,0.061628,0.062736,0.062609,0.065608,0.066741,0.068217,0.066382,0.061906,0.062916,0.063425,0.064857,0.067121,0.068553,0.065747,0.064542,0.064236,0.066135,0.066110,0.065466,0.062403,0.071349,0.061223,0.064531,0.071973,0.057677,0.072001,0.066957,0.061063,0.075009,0.068625,0.058282,0.069107,0.076925,0.050611,0.072189,0.081121,0.056094,0.068446,0.081237,0.065813,0.079523,0.045991,0.062652,-0.070056,-0.065934,-0.146662,0.000000,0.000000
0.000000,0.000000,-0.158159,-0.065426,-0.109571,0.001224,0.047040,0.053746,0.060228,0.057555,0.064020,0.054921,0.061301,0.066314,0.059267,0.061307,0.064135,0.061539,0.064200,0.063105,0.043067,0.029850,0.010997,0.003360,0.017848,0.041826,0.062248,0.070551,0.063461,0.057822,0.063952,0.065267,0.063856,0.067249,0.066527,0.063759,0.067468,0.066955,0.063420,0.062998,0.063868,0.065649,0.064608,0.063421,0.062306,0.063407,0.064841,0.064282,0.063059,0.062161,0.061925,0.063973,0.065826,0.065008,0.062592,0.062034,0.062423,0.060512,0.063345,0.065976,0.064648,0.065732,0.062929,0.060686,0.064946,0.068577,0.068526,0.066969,0.065948,0.068947,0.064044,0.065938,0.064437,0.062754,0.063439,0.071814,0.063684,0.055180,0.051488,0.040098,0.052333,0.057510,0.058720,0.071828,0.068288,0.059029,0.063867,0.064564,0.051539,0.062846,0.070465,0.049643,0.063033,0.066861,0.066423,0.065125,0.059688,0.029918,-0.100518,-0.063667,-0.156789,0.000000,0.000000
0.000000,0.000000,-0.166318,-0.033966,-0.097199,-0.034800,0.043062,0.054800,0.064150,0.067575,0.075523,0.074795,0.071523,0.069866,0.065983,0.069818,0.064839,0.065845,0.062381,0.045780,0.020765,0.004669,-0.029616,-0.056840,-0.053716,-0.024593,0.028230,0.063453,0.070291,0.061960,0.060099,0.065451,0.062728,0.064696,0.065858,0.063889,0.067295,0.065186,0.065310,0.065123,0.064809,0.066323,0.064506,0.063479,0.061232,0.062900,0.066695,0.066007,0.065770,0.065430,0.062474,0.064004,0.065862,0.062528,0.062296,0.063501,0.062273,0.062124,0.061837,0.063407,0.066319,0.065053,0.064160,0.064674,0.067105,0.068780,0.066154,0.064590,0.066383,0.067966,0.064114,0.066213,0.060329,0.064918,0.066485,0.064088,0.040554,-0.000746,-0.018827,-0.025297,0.002000,0.025699,0.042521,0.064812,0.067857,0.067482,0.066264,0.070887,0.066963,0.074313,0.071289,0.058975,0.069363,0.065410,0.061409,0.056055,0.042695,-0.036650,-0.121159,-0.046409,-0.170648,0.000000,0.000000
0.000000,0.000000,-0.145861,-0.011325,-0.046858,-0.036788,0.025388,0.048780,0.058034,0.057392,0.055768,0.060477,0.056567,0.049723,0.051111,0.063329,0.060454,0.065409,0.065048,0.038228,0.022800,0.026520,-0.001000,-0.045274,-0.068906,-0.067271,-0.020092,0.038754,0.067228,0.066850,0.060272,0.064251,0.063572,0.062049,0.065694,0.064613,0.066836,0.068259,0.068438,0.067771,0.066974,0.067317,0.064500,0.063564,0.064171,0.066882,0.065985,0.064893,0.066341,0.065975,0.063275,0.063120,0.063836,0.061719,0.061044,0.064549,0.065742,0.064246,0.063257,0.063897,0.066207,0.065827,0.065492,0.066284,0.066931,0.064597,0.062146,0.063387,0.065786,0.065742,0.064167,0.067057,0.059821,0.069673,0.064019,0.037303,-0.015559,-0.063596,-0.071279,-0.055770,-0.013447,0.004282,0.018527,0.049597,0.065270,0.063036,0.058184,0.062966,0.061199,0.060186,0.061124,0.066771,0.065491,0.064060,0.064259,0.053858,0.028460,-0.054720,-0.087092,-0.022685,-0.169658,0.000000,0.000000
0.000000,0.000000,-0.178170,-0.022543,-0.016724,-0.004363,0.030782,0.052240,0.064549,0.067567,0.068801,0.071446,0.068319,0.071306,0.085913,0.095427,0.078380,0.080646,0.087845,0.058248,0.045683,0.063966,0.039211,-0.004306,-0.031590,-0.057948,-0.046995,0.013107,0.059522,0.066130,0.062851,0.062349,0.064713,0.061452,0.066044,0.065686,0.064987,0.069239,0.068973,0.069638,0.065604,0.064006,0.067387,0.067254,0.065940,0.066670,0.064867,0.064654,0.063299,0.063853,0.065030,0.063664,0.065434,0.062831,0.060940,0.067377,0.068878,0.065073,0.065941,0.065867,0.064837,0.066681,0.064902,0.063701,0.065381,0.062951,0.061032,0.063516,0.065291,0.067123,0.066642,0.066313,0.060639,0.067679,0.053265,0.002223,-0.052107,-0.064779,-0.039426,-0.004763,0.042744,0.046974,0.033785,0.060345,0.082429,0.076613,0.077372,0.079467,0.065368,0.061460,0.062675,0.063683,0.065243,0.064695,0.061165,0.046190,0.014751,-0.031668,-0.030480,-0.009052,-0.159989,0.000000,0.000000
0.000000,0.000000,-0.135656,-0.075955,-0.058126,-0.043640,-0.023061,-0.015864,-0.004496,-0.000274,0.005403,0.011277,0.002823,0.006676,0.035025,0.036701,-0.005734,-0.002270,0.029588,0.012390,-0.007421,0.002113,-0.031797,-0.052548,-0.040078,-0.058664,-0.062304,-0.002053,0.057142,0.065718,0.065450,0.064347,0.066074,0.062667,0.064407,0.066501,0.064569,0.067120,0.068611,0.068938,0.064652,0.063372,0.066566,0.067989,0.064094,0.061670,0.062472,0.061876,0.062782,0.065588,0.065294,0.065752,0.066193,0.063565,0.061544,0.065622,0.065549,0.064326,0.066691,0.065116,0.064843,0.065427,0.063631,0.064702,0.064245,0.065377,0.063374,0.063208,0.063689,0.067749,0.067152,0.064202,0.063616,0.063052,0.044002,-0.019155,-0.063809,-0.045464,-0.018545,-0.005061,0.034082,0.041553,0.026466,0.057422,0.066072,0.043518,0.055845,0.079448,0.063389,0.043687,0.043396,0.045570,0.040355,0.039668,0.038604,0.031938,0.019998,-0.011322,-0.022601,-0.031183,-0.146708,0.000000,0.000000
0.000000,-0.300132,-0.035773,-0.120342,-0.075142,-0.090072,-0.078735,-0.071281,-0.057992,-0.056012,-0.051624,-0.047354,-0.050967,-0.047770,-0.025850,-0.022268,-0.067575,-0.059870,-0.014696,-0.026961,-0.050664,-0.047718,-0.083760,-0.093492,-0.060916,-0.069622,-0.072290,-0.008069,0.055757,0.064556,0.066829,0.066289,0.065684,0.066094,0.062889,0.063752,0.064614,0.065411,0.066605,0.065341,0.065022,0.065829,0.064931,0.065491,0.062163,0.059684,0.061427,0.061376,0.062971,0.066435,0.065482,0.065340,0.064438,0.061314,0.061465,0.063134,0.063686,0.064430,0.064743,0.065788,0.064843,0.064076,0.062106,0.062985,0.066346,0.068150,0.065679,0.062979,0.062660,0.068547,0.066890,0.063976,0.066493,0.060884,0.040082,-0.031617,-0.080515,-0.063294,-0.064134,-0.092748,-0.065760,-0.043857,-0.045623,-0.016069,-0.026041,-0.068869,-0.052287,-0.013556,-0.035364,-0.053985,-0.049368,-0.043643,-0.050535,-0.055121,-0.056267,-0.059212,-0.058492,-0.071714,-0.058406,-0.108131,-0.047734,-0.270174,0.000000
0.000000,0.000000,-0.138225,-0.061709,-0.043211,-0.021456,0.006539,0.018627,0.028948,0.035015,0.041692,0.047149,0.042298,0.047081,0.073373,0.077328,0.045958,0.048459,0.070043,0.044714,0.023326,0.036612,0.007062,-0.023569,-0.028172,-0.055876,-0.057526,0.003162,0.057716,0.065703,0.065012,0.064857,0.064459,0.064272,0.062400,0.062326,0.062002,0.061723,0.062588,0.063702,0.064126,0.065222,0.065584,0.065301,0.063022,0.062407,0.064541,0.064788,0.064365,0.066736,0.065687,0.064252,0.064506,0.061647,0.061078,0.065385,0.065701,0.064495,0.064438,0.065113,0.065275,0.065006,0.061954,0.061870,0.065339,0.066658,0.063435,0.063066,0.061822,0.067136,0.067887,0.063675,0.066524,0.062596,0.043369,-0.025157,-0.073603,-0.052927,-0.046835,-0.063213,-0.029516,-0.005458,-0.008573,0.020401,0.019667,-0.011584,0.005680,0.042170,0.020221,-0.000018,0.005393,0.005162,-0.007497,-0.018537,-0.033968,-0.057620,-0.067972,-0.078919,-0.077242,-0.089456,-0.125620,0.000000,0.000000
0.000000,0.000000,-0.164699,-0.026934,-0.023197,-0.016908,0.025913,0.053941,0.063627,0.065279,0.065796,0.065723,0.063072,0.061325,0.069076,0.081081,0.074977,0.080532,0.080249,0.050084,0.039889,0.055792,0.032617,-0.012250,-0.042154,-0.064016,-0.038807,0.023014,0.062060,0.068921,0.062632,0.063890,0.065288,0.062463,0.064867,0.065480,0.062471,0.060346,0.060757,0.063798,0.065650,0.066611,0.065457,0.066311,0.067880,0.067544,0.067544,0.066305,0.065044,0.066702,0.067136,0.064270,0.064049,0.065603,0.063738,0.066678,0.067319,0.063952,0.062990,0.062934,0.064649,0.065619,0.062922,0.062303,0.063755,0.066125,0.062696,0.064407,0.063798,0.062489,0.068795,0.062933,0.065418,0.064830,0.048832,-0.008058,-0.060243,-0.046961,-0.015702,0.013604,0.058828,0.067484,0.050166,0.072569,0.087457,0.074395,0.085437,0.099105,0.076019,0.066172,0.072804,0.076054,0.065690,0.056146,0.038906,0.001781,-0.032451,-0.057375,-0.055503,-0.054800,-0.199212,0.000000,0.000000
0.000000,0.000000,-0.165081,-0.020584,-0.064046,-0.038606,0.030870,0.053007,0.064012,0.063679,0.061337,0.067166,0.061440,0.052884,0.054680,0.061038,0.060324,0.064593,0.059306,0.037452,0.017525,0.010615,-0.022425,-0.061805,-0.072682,-0.059164,-0.002871,0.050495,0.068722,0.068899,0.062192,0.064824,0.065167,0.063221,0.063518,0.064717,0.064325,0.062420,0.061029,0.062419,0.066611,0.067133,0.064622,0.065862,0.069132,0.067993,0.065493,0.065440,0.065032,0.066417,0.066497,0.063414,0.064966,0.066291,0.064943,0.066588,0.064915,0.063101,0.060971,0.063050,0.064989,0.064952,0.062290,0.064818,0.066385,0.066136,0.065283,0.063914,0.066565,0.060751,0.066117,0.064599,0.065463,0.068216,0.059616,0.018874,-0.042940,-0.068153,-0.055104,-0.017586,0.030719,0.042201,0.029179,0.051333,0.068769,0.062860,0.059396,0.058876,0.046542,0.046969,0.053773,0.057705,0.056506,0.058726,0.050435,0.026602,-0.023606,-0.084689,-0.075014,-0.052036,-0.162712,0.000000,0.000000
0.000000,0.000000,-0.174553,-0.045377,-0.107429,-0.019643,0.047735,0.057675,0.064170,0.066167,0.070898,0.063823,0.072232,0.071954,0.063769,0.069563,0.067823,0.067869,0.065337,0.055029,0.030366,0.011028,-0.019886,-0.039214,-0.026932,0.000711,0.045521,0.069610,0.068777,0.064452,0.063337,0.066751,0.063279,0.063987,0.062053,0.061248,0.063851,0.063229,0.063076,0.062903,0.064955,0.065644,0.065343,0.067550,0.068184,0.065475,0.063741,0.064846,0.065934,0.066441,0.063786,0.061870,0.064597,0.066139,0.065924,0.066967,0.064992,0.062991,0.062808,0.064535,0.065316,0.064126,0.061134,0.063255,0.064792,0.066441,0.067985,0.061532,0.066344,0.065105,0.062910,0.066082,0.066513,0.065432,0.068605,0.052348,0.004221,-0.044027,-0.064670,-0.053483,-0.015569,0.014262,0.027557,0.055571,0.068629,0.069220,0.065135,0.064842,0.067338,0.074374,0.072836,0.073139,0.067513,0.067380,0.070534,0.060022,0.039123,-0.043193,-0.095069,-0.059312,-0.183389,0.000000,0.000000
0.000000,0.000000,-0.143405,-0.068957,-0.097984,0.035600,0.058722,0.062769,0.062087,0.058794,0.062472,0.046920,0.060416,0.063454,0.054434,0.063269,0.063828,0.059471,0.068802,0.070860,0.055754,0.047570,0.036233,0.031044,0.047478,0.059928,0.066135,0.071141,0.063672,0.062131,0.067063,0.066669,0.062429,0.066015,0.063163,0.063245,0.065485,0.065002,0.065511,0.063377,0.063814,0.065646,0.066458,0.067752,0.064509,0.062425,0.063838,0.062686,0.061932,0.063799,0.061982,0.059826,0.062594,0.066524,0.066880,0.066033,0.065378,0.065182,0.065518,0.067427,0.065685,0.065279,0.062886,0.060985,0.064606,0.066172,0.067524,0.061927,0.065113,0.067473,0.060408,0.065475,0.069352,0.060676,0.067737,0.070149,0.050841,0.024633,-0.001554,-0.008081,0.006775,0.030607,0.043823,0.064336,0.062305,0.059565,0.067847,0.061991,0.060712,0.068638,0.062931,0.059902,0.060051,0.054673,0.061441,0.057066,0.063036,0.029442,-0.075664,-0.061690,-0.160413,0.000000,0.000000
0.000000,0.000000,-0.130491,-0.072348,-0.066888,0.074163,0.050735,0.077474,0.067069,0.073251,0.074968,0.058070,0.069106,0.072847,0.057919,0.070532,0.067819,0.061724,0.066607,0.072863,0.065870,0.070269,0.067967,0.060661,0.073482,0.067801,0.061690,0.067744,0.061333,0.064307,0.065551,0.064671,0.064001,0.062982,0.061628,0.064408,0.064748,0.065888,0.065618,0.063916,0.064871,0.063988,0.065082,0.065079,0.063065,0.062866,0.063476,0.062907,0.061733,0.060934,0.059813,0.060087,0.063228,0.066317,0.065630,0.065854,0.065813,0.066254,0.066063,0.067466,0.066296,0.065806,0.065989,0.063787,0.066685,0.065012,0.065522,0.063823,0.063827,0.063818,0.061528,0.064226,0.069173,0.063152,0.064256,0.069705,0.063743,0.065720,0.059747,0.051272,0.056321,0.063164,0.061075,0.076514,0.067068,0.055208,0.068120,0.064446,0.061229,0.064765,0.062935,0.067033,0.065245,0.072059,0.066346,0.062290,0.054037,0.061467,-0.067863,-0.047726,-0.146298,0.000000,0.000000
0.000000,0.000000,-0.122501,-0.067558,-0.050314,0.049336,0.016934,0.071350,0.048205,0.060588,0.069551,0.052945,0.061446,0.072875,0.051645,0.062306,0.067471,0.066868,0.062825,0.065044,0.059725,0.067985,0.069318,0.060204,0.069391,0.066519,0.064024,0.066120,0.064799,0.065202,0.059212,0.067443,0.067359,0.061678,0.064057,0.065102,0.060904,0.063204,0.064720,0.065273,0.063308,0.063003,0.064454,0.062494,0.063540,0.065236,0.065745,0.064558,0.062401,0.062164,0.062062,0.063541,0.065758,0.067281,0.064684,0.065052,0.066224,0.066453,0.065337,0.063924,0.063523,0.064770,0.067451,0.064599,0.064275,0.064665,0.065676,0.066776,0.064833,0.064157,0.070131,0.066332,0.061743,0.068148,0.065377,0.063528,0.060698,0.064673,0.068562,0.062296,0.065228,0.070364,0.059658,0.068232,0.061869,0.053121,0.066126,0.060650,0.060394,0.068160,0.062644,0.064279,0.054493,0.061517,0.053427,0.062706,0.018123,0.032101,-0.071623,-0.048992,-0.134440,0.000000,0.000000
0.000000,0.000000,-0.151106,-0.044669,-0.026479,0.065596,0.041621,0.097064,0.054866,0.067122,0.078797,0.070462,0.059944,0.085159,0.062399,0.069235,0.066811,0.069863,0.061504,0.070629,0.060799,0.067956,0.070543,0.059461,0.068432,0.070218,0.063904,0.063807,0.068059,0.064225,0.056307,0.064294,0.066137,0.063669,0.062937,0.064617,0.062332,0.063268,0.064053,0.064954,0.064051,0.064526,0.067011,0.066139,0.065361,0.067257,0.068185,0.063730,0.060912,0.062872,0.063175,0.062956,0.066286,0.067365,0.063896,0.065152,0.066480,0.066780,0.064004,0.061868,0.064597,0.063467,0.066513,0.066046,0.063259,0.063728,0.066130,0.067133,0.064286,0.066278,0.071808,0.064567,0.057351,0.070194,0.070499,0.060253,0.064109,0.066773,0.066077,0.061940,0.065775,0.068434,0.060659,0.068167,0.059694,0.065274,0.074873,0.058480,0.061550,0.074519,0.058629,0.071443,0.056766,0.071131,0.052282,0.097757,0.027420,0.025424,-0.085202,-0.042832,-0.163630,0.000000,0.000000
0.000000,0.000000,-0.181802,-0.054315,-0.018251,0.068665,0.050047,0.083086,0.062000,0.059673,0.072217,0.070027,0.047987,0.074470,0.060422,0.072676,0.062411,0.068103,0.054267,0.066013,0.060131,0.066822,0.065661,0.059138,0.067363,0.067164,0.062232,0.064519,0.067730,0.068761,0.064041,0.063222,0.062837,0.065214,0.061268,0.063653,0.065378,0.063632,0.063057,0.064241,0.065735,0.064238,0.064783,0.067214,0.066313,0.066752,0.065895,0.062844,0.062790,0.062817,0.062183,0.063766,0.064391,0.065669,0.064735,0.065705,0.066320,0.064390,0.062154,0.062364,0.064917,0.062894,0.064504,0.065713,0.063597,0.062922,0.065676,0.065113,0.062392,0.068442,0.068948,0.064840,0.065415,0.069824,0.066370,0.059420,0.063333,0.065512,0.064773,0.058821,0.062672,0.067740,0.058509,0.069135,0.063341,0.066097,0.067450,0.054930,0.064432,0.076773,0.052403,0.076023,0.068979,0.083113,0.049693,0.092417,0.035443,0.004949,-0.087737,-0.061141,-0.206539,0.000000,0.000000
0.000000,0.000000,0.000000,-0.104995,-0.014864,0.045710,0.044441,0.043355,0.073056,0.054751,0.066230,0.066683,0.063642,0.066187,0.064652,0.067311,0.064658,0.068482,0.065128,0.067727,0.067932,0.064399,0.070055,0.062838,0.071655,0.064948,0.068886,0.065046,0.060828,0.063930,0.067582,0.061758,0.059756,0.064827,0.064297,0.066499,0.065565,0.064269,0.064161,0.063001,0.062715,0.062800,0.062913,0.063101,0.063520,0.064749,0.065933,0.065159,0.064122,0.063853,0.063842,0.064934,0.064550,0.064734,0.064302,0.063912,0.063956,0.063742,0.063454,0.063115,0.065445,0.067679,0.068652,0.066726,0.066698,0.063390,0.063882,0.066449,0.063184,0.066732,0.064660,0.063655,0.068795,0.063709,0.062528,0.062574,0.068789,0.061159,0.070404,0.059468,0.063602,0.067258,0.065186,0.062321,0.064814,0.062701,0.068259,0.061222,0.077249,0.065304,0.049476,0.067998,0.053904,0.059252,0.041117,0.050530,0.032152,-0.052162,-0.095458,-0.118702,0.000000,0.000000,0.000000
0.000000,0.000000,0.000000,-0.147232,-0.009201,0.034164,0.065996,0.044205,0.086486,0.065650,0.076482,0.066468,0.055983,0.052714,0.065716,0.063484,0.063833,0.067110,0.066998,0.066550,0.065636,0.060389,0.066759,0.062744,0.068659,0.060944,0.069037,0.067050,0.060899,0.061411,0.066162,0.065013,0.062919,0.064318,0.066156,0.065704,0.062331,0.063941,0.065140,0.062982,0.060445,0.062780,0.063391,0.061694,0.062890,0.064070,0.064522,0.065223,0.062778,0.064394,0.066147,0.065029,0.066778,0.065622,0.063388,0.064871,0.064016,0.064722,0.065075,0.063432,0.065675,0.067681,0.067962,0.066474,0.065324,0.061509,0.062487,0.066300,0.063548,0.063404,0.061062,0.063623,0.067855,0.061716,0.065890,0.066919,0.066994,0.056127,0.069400,0.064864,0.064034,0.065931,0.067424,0.064191,0.063232,0.064147,0.067356,0.063931,0.072618,0.062980,0.073573,0.091371,0.059156,0.076187,0.077675,0.066820,0.066054,-0.053925,-0.062823,-0.171180,0.000000,0.000000,0.000000
0.000000,0.000000,0.000000,-0.173307,0.003537,0.013133,0.089266,0.040972,0.074032,0.069222,0.068692,0.057171,0.050004,0.061187,0.084113,0.076556,0.068868,0.072735,0.068326,0.060341,0.064437,0.065404,0.067266,0.063011,0.068288,0.061264,0.061242,0.062694,0.065581,0.061157,0.064059,0.069243,0.067540,0.065162,0.065953,0.063100,0.061626,0.064333,0.065285,0.063113,0.063223,0.064171,0.060789,0.062357,0.063585,0.063076,0.064562,0.065769,0.065159,0.065371,0.066678,0.067470,0.067022,0.065405,0.064869,0.063931,0.062982,0.063351,0.063311,0.064415,0.064626,0.063831,0.066209,0.067634,0.065745,0.062494,0.063615,0.067041,0.065209,0.063902,0.066005,0.066421,0.063676,0.061648,0.069346,0.064385,0.061439,0.059325,0.069390,0.066133,0.063814,0.066611,0.060830,0.062163,0.065455,0.059949,0.061637,0.058438,0.059138,0.054807,0.058775,0.069737,0.040249,0.067342,0.072140,0.052002,0.060366,-0.069507,-0.042283,-0.153894,0.000000,0.000000,0.000000
0.000000,0.000000,0.000000,-0.129567,-0.025197,-0.034627,0.070281,0.046011,0.051730,0.061654,0.040769,0.010184,0.026330,0.053553,0.075369,0.066796,0.052159,0.058234,0.057142,0.059805,0.065060,0.066424,0.062720,0.057910,0.069233,0.063454,0.062038,0.060573,0.065446,0.062535,0.061660,0.062086,0.065126,0.065808,0.065153,0.063526,0.063355,0.065208,0.065026,0.062664,0.065341,0.065120,0.061133,0.064661,0.064770,0.065562,0.066839,0.066635,0.064512,0.063307,0.064615,0.067006,0.067357,0.064761,0.064972,0.063940,0.062734,0.064022,0.063529,0.062792,0.063426,0.064084,0.064872,0.066278,0.064554,0.063105,0.063480,0.064710,0.065903,0.066117,0.068071,0.065239,0.060032,0.063547,0.070104,0.059568,0.063479,0.066389,0.067745,0.062533,0.066633,0.069722,0.061351,0.064694,0.069233,0.068625,0.071682,0.073660,0.075979,0.074045,0.063999,0.058381,0.055520,0.075820,0.071660,0.037158,0.074850,-0.082973,-0.042974,-0.132464,0.000000,0.000000,0.000000
0.000000,0.000000,0.000000,-0.219468,-0.034170,-0.038504,0.055388,0.065465,0.052121,0.022274,-0.002416,-0.061528,-0.068957,-0.017453,0.024977,0.066771,0.059493,0.063114,0.064766,0.070150,0.067045,0.065828,0.064748,0.057340,0.065340,0.063450,0.068359,0.060902,0.063672,0.064737,0.062629,0.062025,0.065794,0.065794,0.066414,0.065066,0.066806,0.066252,0.064639,0.065539,0.066443,0.066177,0.063352,0.064298,0.065599,0.065061,0.063117,0.063053,0.062877,0.062885,0.064718,0.066448,0.065609,0.062802,0.063000,0.064975,0.064335,0.061945,0.063395,0.063819,0.063239,0.066259,0.066194,0.064609,0.064534,0.065872,0.064942,0.062578,0.064866,0.065266,0.065917,0.067072,0.066253,0.066434,0.066897,0.059445,0.069089,0.063084,0.059773,0.062616,0.070013,0.069280,0.060784,0.062780,0.062540,0.056408,0.058738,0.056790,0.060600,0.074145,0.070298,0.056758,0.078985,0.077065,0.059012,0.040132,0.091155,-0.053903,-0.062014,-0.221193,0.000000,0.000000,0.000000
0.000000,0.000000,0.000000,0.000000,-0.115908,-0.035877,0.003906,0.050706,0.063651,0.027582,-0.033315,-0.082987,-0.099795,-0.083253,-0.010814,0.087344,0.066973,0.073640,0.066021,0.066722,0.055567,0.060944,0.071530,0.065965,0.066361,0.060734,0.069593,0.062615,0.062676,0.062885,0.065351,0.064614,0.066989,0.066301,0.065238,0.064413,0.068345,0.066411,0.063873,0.064225,0.066896,0.067420,0.063002,0.065011,0.065159,0.062686,0.061995,0.063531,0.064917,0.064799,0.064710,0.066830,0.065754,0.061783,0.062281,0.064630,0.064664,0.060675,0.061243,0.064083,0.063014,0.065324,0.065591,0.065131,0.066688,0.069323,0.066353,0.061736,0.061279,0.060950,0.063881,0.065869,0.065313,0.062435,0.062499,0.061949,0.071062,0.063595,0.063917,0.071972,0.064328,0.067662,0.065503,0.074401,0.065015,0.071469,0.062213,0.059589,0.046117,0.081369,0.061722,0.055044,0.071318,0.055817,0.045898,0.045097,0.030735,-0.040123,-0.116611,0.000000,0.000000,0.000000,0.000000
0.000000,0.000000,0.000000,0.000000,-0.147515,-0.032513,-0.045558,-0.019535,0.016892,-0.014053,-0.072485,-0.065096,-0.091310,-0.111549,-0.024304,0.073577,0.047400,0.064249,0.060148,0.061537,0.058985,0.057332,0.066628,0.062755,0.067784,0.058608,0.069629,0.068013,0.067574,0.065420,0.067929,0.064778,0.065793,0.064909,0.066474,0.065127,0.065110,0.065230,0.064502,0.063546,0.065682,0.066134,0.063427,0.065649,0.067190,0.063732,0.061541,0.062339,0.064430,0.068116,0.068742,0.067929,0.066018,0.063485,0.062377,0.061575,0.063373,0.064232,0.064378,0.064197,0.063251,0.063751,0.063655,0.066417,0.066919,0.067975,0.065981,0.063476,0.064530,0.062212,0.062556,0.064729,0.063518,0.061935,0.067776,0.066142,0.068926,0.059803,0.064788,0.065022,0.051184,0.058034,0.066015,0.068318,0.060744,0.076786,0.067342,0.067471,0.060766,0.075861,0.049459,0.037089,0.031062,0.032772,0.081112,0.074283,-0.005934,0.007115,-0.109620,0.000000,0.000000,0.000000,0.000000
0.000000,0.000000,0.000000,0.000000,-0.259685,-0.074100,-0.069087,-0.073790,-0.080089,-0.102259,-0.096783,-0.075801,-0.086472,-0.087892,-0.020502,0.066786,0.042937,0.077237,0.057562,0.067019,0.071905,0.066407,0.064403,0.061455,0.072059,0.065378,0.067335,0.063225,0.069686,0.066047,0.067440,0.065572,0.067150,0.061959,0.065277,0.066307,0.066144,0.064946,0.064605,0.065893,0.065489,0.064457,0.063835,0.065204,0.065982,0.064150,0.062688,0.064212,0.066234,0.066757,0.066429,0.066057,0.064540,0.065339,0.066669,0.065431,0.064779,0.063491,0.063424,0.064244,0.064824,0.065292,0.065225,0.066167,0.065176,0.065727,0.062898,0.065972,0.067133,0.062208,0.062749,0.060145,0.063466,0.063055,0.067696,0.063727,0.065839,0.062907,0.071058,0.066885,0.060887,0.075535,0.067621,0.060681,0.053405,0.074677,0.054860,0.070742,0.060565,0.053712,-0.005588,-0.036216,-0.013688,-0.016913,0.039151,0.041032,-0.047329,-0.060541,-0.258113,0.000000,0.000000,0.000000,0.000000
0.000000,0.000000,0.000000,0.000000,0.000000,-0.089744,-0.043602,-0.088128,-0.092910,-0.084620,-0.117856,-0.097064,-0.073292,-0.066565,0.018674,0.066284,0.068118,0.091018,0.046825,0.062685,0.061312,0.063070,0.054810,0.058049,0.069051,0.069710,0.069188,0.063231,0.067872,0.064962,0.066763,0.065407,0.068655,0.065014,0.064339,0.065077,0.065731,0.063793,0.065406,0.065413,0.065462,0.066933,0.064031,0.063647,0.063441,0.064344,0.066901,0.064653,0.063253,0.063274,0.062697,0.065093,0.065910,0.063858,0.063961,0.066828,0.067523,0.064405,0.064685,0.064616,0.064438,0.066516,0.065682,0.065414,0.062436,0.063335,0.064509,0.066359,0.063239,0.063095,0.066819,0.063395,0.066316,0.064924,0.063791,0.059306,0.067680,0.066845,0.063190,0.056787,0.058337,0.073766,0.056810,0.068091,0.066747,0.077497,0.060312,0.070184,0.065096,0.027711,-0.064055,-0.110286,-0.049153,-0.068818,-0.033499,-0.034791,-0.043702,-0.022161,0.000000,0.000000,0.000000,0.000000,0.000000
0.000000,0.000000,0.000000,0.000000,0.000000,-0.236173,-0.037669,-0.078915,-0.047130,-0.083743,-0.097362,-0.067587,-0.065509,-0.013292,0.040933,0.059999,0.072493,0.075202,0.060535,0.068922,0.059877,0.071655,0.066279,0.065202,0.060103,0.064350,0.070340,0.066627,0.066866,0.060109,0.062898,0.060655,0.066831,0.067455,0.066745,0.064822,0.064032,0.065149,0.066474,0.064933,0.064385,0.064334,0.063182,0.063898,0.067957,0.066870,0.066336,0.066613,0.067566,0.068381,0.064567,0.061224,0.060102,0.062509,0.061479,0.060359,0.062934,0.064681,0.069054,0.066322,0.060551,0.061184,0.060791,0.066293,0.064829,0.064412,0.067762,0.066564,0.063285,0.063593,0.067989,0.063850,0.067465,0.063391,0.069018,0.063721,0.069954,0.065975,0.062218,0.065925,0.069581,0.067443,0.048323,0.079245,0.067619,0.057064,0.057411,0.065297,0.061908,0.014102,-0.097829,-0.110683,-0.093299,-0.097548,-0.064814,-0.084111,-0.033440,-0.282040,0.000000,0.000000,0.000000,0.000000,0.000000
0.000000,0.000000,0.000000,0.000000,0.000000,0.000000,-0.156128,-0.015750,-0.092475,-0.053144,-0.018928,-0.026928,0.008463,0.044520,0.069107,0.060385,0.052648,0.058669,0.081029,0.070457,0.057293,0.066673,0.061336,0.070654,0.056943,0.062103,0.067375,0.065335,0.067802,0.063187,0.063189,0.062549,0.065119,0.065864,0.065209,0.064598,0.065174,0.064520,0.065052,0.064930,0.064047,0.063573,0.066251,0.064581,0.064282,0.065529,0.066722,0.069152,0.068363,0.063844,0.062546,0.063184,0.061920,0.063116,0.064227,0.064031,0.064259,0.065862,0.066999,0.065176,0.062868,0.062374,0.062402,0.064621,0.062406,0.063279,0.062516,0.064896,0.064377,0.065916,0.065315,0.061454,0.068978,0.064748,0.068240,0.062077,0.059289,0.058042,0.061189,0.074477,0.066915,0.065819,0.050502,0.082618,0.060033,0.050380,0.072942,0.066322,0.069387,0.014760,-0.081969,-0.101743,-0.073308,-0.113784,-0.080883,-0.051264,-0.101135,0.000000,0.000000,0.000000,0.000000,0.000000,0.000000
0.000000,0.000000,0.000000,0.000000,0.000000,0.000000,-0.283107,-0.033395,-0.069086,0.025029,0.034321,0.057653,0.051066,0.072445,0.079917,0.081183,0.044000,0.058789,0.081214,0.062425,0.062755,0.071196,0.054496,0.073960,0.061576,0.064956,0.065738,0.065194,0.068458,0.062231,0.064242,0.066681,0.065816,0.063475,0.066150,0.064281,0.064624,0.065748,0.067097,0.065741,0.066034,0.069081,0.067150,0.059707,0.059934,0.066816,0.070059,0.065087,0.062622,0.061600,0.063455,0.067221,0.064920,0.062764,0.061636,0.062148,0.064324,0.068554,0.066086,0.061888,0.062698,0.065018,0.064836,0.063071,0.060008,0.063326,0.064380,0.066491,0.068395,0.065391,0.063443,0.062740,0.068827,0.059476,0.067409,0.063118,0.066042,0.071960,0.064487,0.072627,0.049669,0.064700,0.055584,0.069798,0.060137,0.067776,0.084563,0.067380,0.064558,0.022354,-0.049005,-0.095968,-0.096288,-0.088420,-0.077999,-0.033118,-0.259989,0.000000,0.000000,0.000000,0.000000,0.000000,0.000000
0.000000,0.000000,0.000000,0.000000,0.000000,0.000000,0.000000,-0.130895,0.008832,0.009733,0.097203,0.063623,0.089801,0.035583,0.073033,0.072242,0.062332,0.051874,0.072646,0.055599,0.079866,0.076204,0.055443,0.067005,0.059398,0.061621,0.058540,0.060141,0.068195,0.060796,0.059328,0.064583,0.064412,0.064336,0.062200,0.062327,0.063138,0.066625,0.067746,0.063963,0.065313,0.064578,0.064632,0.062392,0.064138,0.065023,0.062825,0.061112,0.066298,0.066037,0.062736,0.063396,0.064599,0.068179,0.069189,0.066544,0.063001,0.065434,0.068313,0.065736,0.063430,0.062355,0.061506,0.064986,0.064908,0.066777,0.062256,0.062244,0.063359,0.062799,0.063910,0.065285,0.063219,0.058219,0.068262,0.058520,0.060445,0.071250,0.057948,0.070026,0.053784,0.080317,0.074109,0.060488,0.061447,0.069179,0.074738,0.038730,0.073148,0.047902,0.010705,-0.043947,-0.090420,-0.107739,-0.040032,-0.121767,0.000000,0.000000,0.000000,0.000000,0.000000,0.000000,0.000000
0.000000,0.000000,0.000000,0.000000,0.000000,0.000000,0.000000,-0.233490,0.011484,0.007849,0.089411,0.030192,0.070672,0.046311,0.060944,0.077601,0.077473,0.051902,0.070940,0.042720,0.074410,0.052775,0.061419,0.069867,0.065024,0.069341,0.068528,0.056518,0.068179,0.067504,0.065344,0.064690,0.069376,0.068044,0.063435,0.063487,0.064612,0.067265,0.069857,0.067134,0.066642,0.063410,0.066702,0.066099,0.064507,0.065500,0.065761,0.067475,0.065495,0.057149,0.050829,0.046220,0.046146,0.053468,0.062581,0.070034,0.065638,0.062340,0.061235,0.062071,0.062378,0.064008,0.066518,0.067875,0.068934,0.068131,0.062000,0.065252,0.070684,0.072024,0.073805,0.063543,0.065027,0.065617,0.072870,0.057032,0.067720,0.068218,0.052998,0.076472,0.061115,0.067064,0.069555,0.054218,0.066894,0.063283,0.064509,0.049483,0.083598,0.084924,0.046178,0.015840,-0.024885,-0.099174,-0.034580,-0.251217,0.000000,0.000000,0.000000,0.000000,0.000000,0.000000,0.000000
0.000000,0.000000,0.000000,0.000000,0.000000,0.000000,0.000000,0.000000,-0.060049,0.030767,0.011095,0.038145,0.074220,0.067568,0.054133,0.073834,0.060028,0.068363,0.072780,0.074918,0.059241,0.062058,0.065474,0.093621,0.042058,0.057904,0.071871,0.063274,0.058008,0.060521,0.064435,0.062716,0.063168,0.063721,0.061676,0.064325,0.062425,0.062298,0.062660,0.059681,0.060526,0.061993,0.063320,0.061787,0.066181,0.068018,0.072609,0.067754,0.041651,0.009267,-0.011281,-0.024731,-0.021046,0.000980,0.029561,0.061979,0.071808,0.070447,0.067469,0.063999,0.062686,0.064125,0.067816,0.064196,0.062846,0.063295,0.061641,0.064031,0.064187,0.064781,0.061818,0.056741,0.061623,0.063816,0.060530,0.059527,0.074959,0.063479,0.043256,0.093317,0.068032,0.052685,0.063015,0.062146,0.071137,0.062726,0.075216,0.065535,0.065406,0.062706,0.053305,0.056533,-0.041924,-0.033338,-0.103954,0.000000,0.000000,0.000000,0.000000,0.000000,0.000000,0.000000,0.000000
0.000000,0.000000,0.000000,0.000000,0.000000,0.000000,0.000000,0.000000,-0.304940,0.002098,0.072567,0.067721,0.035906,0.088210,0.038576,0.076952,0.046456,0.075258,0.048080,0.079615,0.065225,0.068149,0.050987,0.084601,0.049070,0.065707,0.077473,0.076716,0.071603,0.060672,0.070087,0.070327,0.068382,0.069895,0.065821,0.066922,0.064955,0.068676,0.069279,0.061989,0.066620,0.068607,0.066091,0.065352,0.063808,0.060756,0.064705,0.040738,-0.012743,-0.050678,-0.065135,-0.079136,-0.073770,-0.054552,-0.031215,0.021076,0.059482,0.065079,0.061874,0.062451,0.058148,0.061013,0.065858,0.065497,0.067861,0.067847,0.066068,0.063841,0.066750,0.069513,0.069963,0.068375,0.073803,0.059144,0.062421,0.062150,0.078391,0.075073,0.039510,0.072080,0.063143,0.066318,0.072292,0.071081,0.067179,0.064779,0.060102,0.082415,0.044243,0.059833,0.043816,0.099615,0.004126,-0.046462,-0.241396,0.000000,0.000000,0.000000,0.000000,0.000000,0.000000,0.000000,0.000000
0.000000,0.000000,0.000000,0.000000,0.000000,0.000000,0.000000,0.000000,0.000000,0.045415,-0.019126,0.067634,0.091706,0.047412,0.075153,0.067380,0.071938,0.058790,0.067810,0.048626,0.073540,0.055848,0.055277,0.060837,0.066464,0.088698,0.060831,0.053714,0.064228,0.059404,0.061737,0.061495,0.063584,0.068068,0.064547,0.062930,0.061563,0.063008,0.065883,0.061611,0.061552,0.062571,0.067336,0.065844,0.062424,0.064752,0.055122,-0.000045,-0.058652,-0.060540,-0.047125,-0.064123,-0.056082,-0.051877,-0.069802,-0.026682,0.041791,0.071888,0.069528,0.068644,0.067084,0.062082,0.062617,0.063567,0.065706,0.061647,0.058998,0.054404,0.060693,0.065247,0.064049,0.060117,0.058833,0.062144,0.063279,0.051785,0.057233,0.052388,0.007215,0.027651,0.041929,0.062702,0.079504,0.057593,0.065054,0.048987,0.067027,0.061488,0.088526,0.046195,0.068382,0.043368,-0.051577,-0.034253,0.000000,0.000000,0.000000,0.000000,0.000000,0.000000,0.000000,0.000000,0.000000
0.000000,0.000000,0.000000,0.000000,0.000000,0.000000,0.000000,0.000000,0.000000,-0.299385,0.069244,0.033405,0.032707,0.041997,0.063617,0.061868,0.073990,0.072875,0.081931,0.060498,0.038262,0.008206,-0.000807,0.020763,0.038939,0.067026,0.053312,0.046093,0.068687,0.066599,0.062695,0.059188,0.064502,0.066336,0.066895,0.067209,0.065078,0.064419,0.067027,0.066377,0.065356,0.069858,0.070401,0.066574,0.067922,0.070284,0.043888,-0.026813,-0.067622,-0.038261,-0.024054,-0.061779,-0.043805,-0.018586,-0.061536,-0.043928,0.028785,0.068892,0.068970,0.067308,0.065584,0.067245,0.065711,0.064791,0.067967,0.066410,0.071129,0.066214,0.072029,0.070695,0.067240,0.054644,0.060993,0.072989,0.078446,0.049451,0.009669,-0.043893,-0.083502,-0.042081,-0.004766,0.039012,0.054379,0.052554,0.074491,0.067157,0.057423,0.058334,0.064373,0.053998,0.030862,-0.026960,0.014529,-0.257627,0.000000,0.000000,0.000000,0.000000,0.000000,0.000000,0.000000,0.000000,0.000000
0.000000,0.000000,0.000000,0.000000,0.000000,0.000000,0.000000,0.000000,0.000000,0.000000,-0.203833,-0.031652,0.094289,0.031888,0.028345,0.014343,0.027167,0.050318,0.043226,0.041017,0.006143,-0.037063,-0.069605,-0.044125,0.004919,0.058934,0.072558,0.087209,0.081021,0.068852,0.063269,0.062250,0.066889,0.062830,0.061719,0.067356,0.071428,0.065312,0.063166,0.064201,0.064423,0.066532,0.062987,0.059730,0.061420,0.061170,0.034970,-0.031043,-0.046383,0.000698,-0.014318,-0.091961,-0.055841,0.012438,-0.031066,-0.041908,0.018222,0.057297,0.057332,0.059071,0.060549,0.056607,0.059189,0.062080,0.065054,0.061659,0.063223,0.054243,0.058622,0.059745,0.073558,0.071603,0.077167,0.069035,0.076677,0.062132,-0.030642,-0.081299,-0.107337,-0.070231,-0.029209,0.036750,0.071175,0.072566,0.068524,0.081158,0.051469,-0.014408,-0.005444,-0.006861,0.006633,-0.048789,-0.211667,0.000000,0.000000,0.000000,0.000000,0.000000,0.000000,0.000000,0.000000,0.000000,0.000000
0.000000,0.000000,0.000000,0.000000,0.000000,0.000000,0.000000,0.000000,0.000000,0.000000,0.000000,-0.001549,-0.061579,0.010459,-0.011436,-0.049188,-0.039186,-0.024253,-0.004485,-0.021602,-0.027680,-0.066022,-0.094751,-0.096797,-0.035298,0.037048,0.049854,0.063924,0.045874,0.039703,0.050642,0.055391,0.068056,0.063482,0.062659,0.060854,0.060886,0.062916,0.061259,0.061521,0.062130,0.063065,0.061390,0.062948,0.060846,0.061334,0.039483,-0.009506,-0.003474,0.050301,0.026155,-0.070512,-0.029131,0.056257,0.009772,-0.012564,0.027521,0.065898,0.075742,0.073820,0.069123,0.068955,0.068776,0.065287,0.065661,0.060685,0.062339,0.065070,0.076009,0.065968,0.067506,0.060186,0.053366,0.041245,0.054412,0.011305,-0.075930,-0.089743,-0.067903,-0.052390,-0.032235,0.033538,0.081678,0.062392,0.058530,0.038310,-0.006308,-0.069356,-0.097517,-0.061986,-0.102679,-0.046034,0.000000,0.000000,0.000000,0.000000,0.000000,0.000000,0.000000,0.000000,0.000000,0.000000,0.000000
0.000000,0.000000,0.000000,0.000000,0.000000,0.000000,0.000000,0.000000,0.000000,0.000000,0.000000,-0.264740,-0.008845,-0.040318,-0.035293,-0.079215,-0.104069,-0.087756,-0.082446,-0.078795,-0.085902,-0.083827,-0.091341,-0.075652,-0.028030,0.043919,0.065623,0.065890,0.061962,0.082682,0.085865,0.067801,0.067321,0.068506,0.076316,0.071746,0.066628,0.063283,0.062913,0.066859,0.064090,0.067010,0.069364,0.070050,0.070604,0.070002,0.056255,0.022288,0.023605,0.065388,0.052122,-0.037690,-0.012731,0.066726,0.026602,0.011838,0.045458,0.063602,0.064901,0.062639,0.067375,0.060242,0.061152,0.063173,0.065439,0.061817,0.065605,0.064836,0.068511,0.054942,0.067662,0.065222,0.067682,0.075698,0.053445,0.022453,-0.062195,-0.084336,-0.079887,-0.089829,-0.057812,0.020559,0.058093,0.067301,0.034400,-0.019193,-0.079984,-0.112693,-0.084182,-0.079483,-0.002701,-0.287381,0.000000,0.000000,0.000000,0.000000,0.000000,0.000000,0.000000,0.000000,0.000000,0.000000,0.000000
0.000000,0.000000,0.000000,0.000000,0.000000,0.000000,0.000000,0.000000,0.000000,0.000000,0.000000,0.000000,-0.202539,-0.047954,-0.069201,-0.082062,-0.092578,-0.125659,-0.101964,-0.099728,-0.115916,-0.106220,-0.067031,-0.040724,-0.001389,0.043271,0.068526,0.069937,0.062709,0.066451,0.058411,0.053722,0.053193,0.053932,0.066071,0.062002,0.058325,0.064317,0.062397,0.063633,0.061733,0.066842,0.062128,0.062605,0.058081,0.053575,0.053749,0.039164,0.028867,0.045151,0.042645,-0.035836,-0.025728,0.047172,0.028607,0.025802,0.053069,0.063893,0.056571,0.054272,0.062523,0.069029,0.070593,0.067775,0.066924,0.063960,0.061808,0.055631,0.065015,0.063567,0.070032,0.063920,0.066070,0.085423,0.070297,0.025679,-0.042767,-0.082207,-0.102770,-0.110301,-0.076799,-0.016370,0.059838,0.088987,0.056776,-0.056419,-0.119039,-0.104213,-0.085961,-0.029168,-0.209385,0.000000,0.000000,0.000000,0.000000,0.000000,0.000000,0.000000,0.000000,0.000000,0.000000,0.000000,0.000000
0.000000,0.000000,0.000000,0.000000,0.000000,0.000000,0.000000,0.000000,0.000000,0.000000,0.000000,0.000000,0.000000,-0.188286,-0.045151,-0.062800,-0.078962,-0.090558,-0.108206,-0.090784,-0.107273,-0.097558,-0.041541,0.015248,0.045117,0.050482,0.060131,0.070662,0.060131,0.053317,0.053096,0.074354,0.083923,0.076396,0.070584,0.063090,0.067262,0.065849,0.057470,0.061308,0.060426,0.064748,0.067080,0.067915,0.066428,0.068333,0.067672,0.061943,0.050923,0.055230,0.068060,-0.003233,-0.005890,0.064253,0.051021,0.048139,0.069150,0.075270,0.069351,0.071777,0.072371,0.063402,0.067463,0.062839,0.065416,0.067775,0.073057,0.060412,0.063969,0.071255,0.075515,0.068508,0.050021,0.058681,0.040462,0.055864,0.016379,-0.060840,-0.085188,-0.089914,-0.081317,-0.051257,-0.008586,0.041016,0.011870,-0.050370,-0.084427,-0.097222,-0.046963,-0.180706,0.000000,0.000000,0.000000,0.000000,0.000000,0.000000,0.000000,0.000000,0.000000,0.000000,0.000000,0.000000,0.000000
0.000000,0.000000,0.000000,0.000000,0.000000,0.000000,0.000000,0.000000,0.000000,0.000000,0.000000,0.000000,0.000000,0.000000,-0.208359,-0.048331,-0.069708,-0.077049,-0.073232,-0.106371,-0.092201,-0.074975,-0.004845,0.042348,0.082205,0.084328,0.057207,0.069300,0.081216,0.065815,0.057271,0.060460,0.060143,0.064214,0.059597,0.051913,0.060988,0.066115,0.066015,0.074130,0.067957,0.068008,0.062090,0.065220,0.066558,0.077005,0.071868,0.070046,0.070278,0.075775,0.087850,-0.001757,-0.008946,0.078964,0.070640,0.057106,0.070174,0.066158,0.062549,0.058612,0.053827,0.063263,0.070890,0.069236,0.056877,0.056872,0.072534,0.069289,0.064511,0.050122,0.039499,0.055795,0.079676,0.066516,0.077090,0.059365,0.019869,0.016340,-0.059962,-0.094858,-0.082748,-0.092931,-0.083229,-0.064527,-0.045184,-0.084265,-0.101858,-0.055209,-0.188497,0.000000,0.000000,0.000000,0.000000,0.000000,0.000000,0.000000,0.000000,0.000000,0.000000,0.000000,0.000000,0.000000,0.000000
0.000000,0.000000,0.000000,0.000000,0.000000,0.000000,0.000000,0.000000,0.000000,0.000000,0.000000,0.000000,0.000000,0.000000,0.000000,-0.209877,-0.034940,-0.055255,-0.077018,-0.087039,-0.116726,-0.074799,-0.023592,0.020923,0.054665,0.068008,0.060067,0.049361,0.062899,0.076636,0.079108,0.064605,0.052172,0.068165,0.072310,0.065654,0.068453,0.055310,0.055859,0.068885,0.062060,0.066901,0.063804,0.060918,0.053168,0.059806,0.058201,0.065534,0.070322,0.065865,0.073889,-0.037913,-0.053535,0.061173,0.069041,0.061186,0.063925,0.054166,0.062738,0.067102,0.070358,0.072978,0.071498,0.063626,0.054967,0.054883,0.074751,0.071743,0.071402,0.088076,0.077561,0.084049,0.078312,0.065470,0.068078,0.078255,0.075871,0.030782,-0.022534,-0.059097,-0.076864,-0.094576,-0.100601,-0.070071,-0.073603,-0.068913,-0.046189,-0.180830,0.000000,0.000000,0.000000,0.000000,0.000000,0.000000,0.000000,0.000000,0.000000,0.000000,0.000000,0.000000,0.000000,0.000000,0.000000
0.000000,0.000000,0.000000,0.000000,0.000000,0.000000,0.000000,0.000000,0.000000,0.000000,0.000000,0.000000,0.000000,0.000000,0.000000,0.000000,-0.230566,-0.048118,-0.071025,-0.079353,-0.100165,-0.106779,-0.054349,-0.030579,0.023659,0.069690,0.078732,0.068405,0.055646,0.052038,0.069202,0.075356,0.064460,0.063620,0.061466,0.067551,0.072274,0.062218,0.063183,0.069782,0.063354,0.074395,0.067375,0.080410,0.072069,0.067060,0.067005,0.065563,0.067336,0.063184,0.082402,-0.020285,-0.046239,0.066058,0.069349,0.059585,0.071283,0.068728,0.075640,0.063580,0.061033,0.063810,0.056885,0.061804,0.063925,0.060391,0.049044,0.026101,0.024089,0.050705,0.065897,0.066280,0.058675,0.038300,0.041140,0.064360,0.045517,0.069801,0.049090,-0.017281,-0.041252,-0.089125,-0.058656,-0.068911,-0.053708,-0.041412,-0.244568,0.000000,0.000000,0.000000,0.000000,0.000000,0.000000,0.000000,0.000000,0.000000,0.000000,0.000000,0.000000,0.000000,0.000000,0.000000,0.000000
0.000000,0.000000,0.000000,0.000000,0.000000,0.000000,0.000000,0.000000,0.000000,0.000000,0.000000,0.000000,0.000000,0.000000,0.000000,0.000000,0.000000,-0.209885,-0.041685,-0.064944,-0.096086,-0.111034,-0.100997,-0.057883,-0.001967,0.051735,0.085360,0.072818,0.066263,0.050863,0.060288,0.066823,0.067654,0.070158,0.069202,0.073510,0.075511,0.056473,0.066584,0.070085,0.058348,0.065587,0.050952,0.063636,0.066000,0.073453,0.068350,0.065741,0.068174,0.059630,0.104882,0.024583,-0.005101,0.085125,0.075924,0.063703,0.069654,0.071336,0.068582,0.062076,0.069095,0.060062,0.057680,0.078028,0.068601,0.016415,-0.013301,-0.044271,-0.054910,-0.026510,0.004386,0.032081,0.067732,0.070686,0.073831,0.079889,0.078025,0.068966,0.066131,0.049644,-0.011976,-0.041947,-0.070289,-0.036962,-0.057993,-0.235032,0.000000,0.000000,0.000000,0.000000,0.000000,0.000000,0.000000,0.000000,0.000000,0.000000,0.000000,0.000000,0.000000,0.000000,0.000000,0.000000,0.000000
0.000000,0.000000,0.000000,0.000000,0.000000,0.000000,0.000000,0.000000,0.000000,0.000000,0.000000,0.000000,0.000000,0.000000,0.000000,0.000000,0.000000,0.000000,-0.207084,-0.035078,-0.076048,-0.091529,-0.091591,-0.031479,0.020180,0.055171,0.042066,0.066129,0.092322,0.077606,0.049088,0.048507,0.048821,0.063580,0.069236,0.060014,0.047682,0.050462,0.066964,0.066909,0.065787,0.077174,0.048451,0.056413,0.056609,0.062852,0.061747,0.063955,0.065678,0.039736,0.090227,0.010862,-0.020670,0.069700,0.067073,0.060200,0.060057,0.053615,0.043100,0.049586,0.062964,0.066036,0.077784,0.086794,0.051698,-0.049753,-0.112766,-0.101449,-0.099125,-0.089024,-0.056763,0.010903,0.064775,0.089543,0.078169,0.068865,0.052426,0.066178,0.076752,0.037995,0.050098,0.008019,-0.049983,-0.043257,-0.250975,0.000000,0.000000,0.000000,0.000000,0.000000,0.000000,0.000000,0.000000,0.000000,0.000000,0.000000,0.000000,0.000000,0.000000,0.000000,0.000000,0.000000,0.000000
0.000000,0.000000,0.000000,0.000000,0.000000,0.000000,0.000000,0.000000,0.000000,0.000000,0.000000,0.000000,0.000000,0.000000,0.000000,0.000000,0.000000,0.000000,0.000000,-0.205176,-0.027776,-0.087882,-0.058083,-0.016823,0.047359,0.048696,0.072045,0.046373,0.047724,-0.005379,-0.032664,-0.032609,-0.000824,0.034782,0.061753,0.069349,0.069751,0.069127,0.075738,0.060139,0.055846,0.078464,0.080406,0.080114,0.063694,0.070380,0.065433,0.074776,0.067378,0.043131,0.076045,-0.007805,-0.046352,0.046556,0.060035,0.059941,0.069469,0.067999,0.072637,0.083050,0.078468,0.060339,0.062684,0.056740,0.021456,-0.056194,-0.084287,-0.065731,-0.055707,-0.075140,-0.084681,-0.048722,0.034888,0.043794,0.057473,0.061717,0.085803,0.044782,0.041682,0.049270,0.055717,-0.001632,-0.041761,-0.209178,0.000000,0.000000,0.000000,0.000000,0.000000,0.000000,0.000000,0.000000,0.000000,0.000000,0.000000,0.000000,0.000000,0.000000,0.000000,0.000000,0.000000,0.000000,0.000000
0.000000,0.000000,0.000000,0.000000,0.000000,0.000000,0.000000,0.000000,0.000000,0.000000,0.000000,0.000000,0.000000,0.000000,0.000000,0.000000,0.000000,0.000000,0.000000,0.000000,-0.214922,-0.009726,-0.102457,-0.013240,0.024968,0.084191,0.061211,0.025994,-0.030264,-0.054395,-0.100451,-0.106406,-0.088587,-0.031755,0.032216,0.060504,0.072211,0.082222,0.077376,0.062094,0.058538,0.058442,0.046960,0.061488,0.058758,0.069607,0.057602,0.062045,0.073004,0.054122,0.082027,-0.000320,-0.042279,0.048593,0.061351,0.066760,0.078125,0.073801,0.079615,0.067705,0.054657,0.058033,0.070429,0.049618,0.021060,-0.048201,-0.067006,-0.053488,-0.102215,-0.106162,-0.093088,-0.051424,-0.002729,0.083828,0.056530,0.066610,0.027371,0.098548,0.033443,0.113693,-0.022827,0.002539,-0.190529,0.000000,0.000000,0.000000,0.000000,0.000000,0.000000,0.000000,0.000000,0.000000,0.000000,0.000000,0.000000,0.000000,0.000000,0.000000,0.000000,0.000000,0.000000,0.000000,0.000000
0.000000,0.000000,0.000000,0.000000,0.000000,0.000000,0.000000,0.000000,0.000000,0.000000,0.000000,0.000000,0.000000,0.000000,0.000000,0.000000,0.000000,0.000000,0.000000,0.000000,0.000000,-0.257590,-0.067027,-0.059833,-0.053016,-0.003346,0.021310,-0.053819,-0.077765,-0.098962,-0.104893,-0.092030,-0.101300,-0.066833,0.018698,0.061690,0.065147,0.054257,0.052723,0.067188,0.082711,0.070617,0.066846,0.075580,0.058563,0.068283,0.062721,0.064395,0.076300,0.058627,0.087773,0.004857,-0.038412,0.051259,0.060594,0.062277,0.053979,0.050115,0.053843,0.051911,0.057819,0.062718,0.066700,0.054430,0.025766,-0.015561,-0.023557,-0.022757,-0.074506,-0.111642,-0.069243,-0.042800,0.016457,0.058363,0.057020,0.034849,0.052489,0.042839,0.054005,-0.042159,0.025803,-0.254206,0.000000,0.000000,0.000000,0.000000,0.000000,0.000000,0.000000,0.000000,0.000000,0.000000,0.000000,0.000000,0.000000,0.000000,0.000000,0.000000,0.000000,0.000000,0.000000,0.000000,0.000000
0.000000,0.000000,0.000000,0.000000,0.000000,0.000000,0.000000,0.000000,0.000000,0.000000,0.000000,0.000000,0.000000,0.000000,0.000000,0.000000,0.000000,0.000000,0.000000,0.000000,0.000000,0.000000,0.000000,-0.199608,-0.003025,-0.088172,-0.071265,-0.115686,-0.096183,-0.111840,-0.082474,-0.073618,-0.054784,0.016569,0.037160,0.061817,0.077159,0.066147,0.054272,0.054595,0.075376,0.067063,0.053648,0.064751,0.055882,0.065865,0.068714,0.065569,0.059935,0.051511,0.077446,-0.006016,-0.042129,0.048366,0.062273,0.069274,0.067001,0.065195,0.068655,0.059922,0.077809,0.069117,0.060771,0.060249,0.061783,0.057576,0.041799,0.029764,-0.016767,-0.060834,-0.072990,-0.046899,-0.016696,0.072753,0.093542,0.024600,0.084014,0.004026,0.058611,-0.146186,0.000000,0.000000,0.000000,0.000000,0.000000,0.000000,0.000000,0.000000,0.000000,0.000000,0.000000,0.000000,0.000000,0.000000,0.000000,0.000000,0.000000,0.000000,0.000000,0.000000,0.000000,0.000000,0.000000
0.000000,0.000000,0.000000,0.000000,0.000000,0.000000,0.000000,0.000000,0.000000,0.000000,0.000000,0.000000,0.000000,0.000000,0.000000,0.000000,0.000000,0.000000,0.000000,0.000000,0.000000,0.000000,0.000000,0.000000,-0.247136,-0.067949,-0.050881,-0.057934,-0.097513,-0.078989,-0.095042,-0.102129,-0.048193,0.003205,0.028563,0.042882,0.060195,0.076432,0.071188,0.056319,0.061090,0.055178,0.075578,0.089362,0.052370,0.065782,0.072270,0.061344,0.042070,0.035352,0.056668,-0.024792,-0.042621,0.049353,0.063525,0.071538,0.063477,0.077562,0.083021,0.064874,0.077704,0.059995,0.049256,0.067846,0.082989,0.059330,0.035883,0.081296,0.024128,-0.069023,-0.090134,-0.099400,-0.035652,-0.012210,0.020104,0.046671,0.011026,0.043003,-0.285074,0.000000,0.000000,0.000000,0.000000,0.000000,0.000000,0.000000,0.000000,0.000000,0.000000,0.000000,0.000000,0.000000,0.000000,0.000000,0.000000,0.000000,0.000000,0.000000,0.000000,0.000000,0.000000,0.000000,0.000000
0.000000,0.000000,0.000000,0.000000,0.000000,0.000000,0.000000,0.000000,0.000000,0.000000,0.000000,0.000000,0.000000,0.000000,0.000000,0.000000,0.000000,0.000000,0.000000,0.000000,0.000000,0.000000,0.000000,0.000000,0.000000,0.000000,-0.247086,-0.091650,-0.017997,-0.039153,-0.070203,-0.063221,-0.009906,0.036617,0.069973,0.080044,0.044577,0.073589,0.085832,0.069459,0.076693,0.065943,0.053061,0.063123,0.048916,0.071354,0.089863,0.045512,-0.013040,-0.012756,0.028212,-0.041120,-0.038800,0.052498,0.060992,0.069244,0.054771,0.060820,0.056005,0.032334,0.058094,0.067558,0.070582,0.086203,0.073442,0.048570,0.056394,0.078125,0.017310,-0.078802,-0.073650,-0.078169,-0.077264,0.001602,0.012459,-0.073591,-0.209258,0.000000,0.000000,0.000000,0.000000,0.000000,0.000000,0.000000,0.000000,0.000000,0.000000,0.000000,0.000000,0.000000,0.000000,0.000000,0.000000,0.000000,0.000000,0.000000,0.000000,0.000000,0.000000,0.000000,0.000000,0.000000,0.000000
0.000000,0.000000,0.000000,0.000000,0.000000,0.000000,0.000000,0.000000,0.000000,0.000000,0.000000,0.000000,0.000000,0.000000,0.000000,0.000000,0.000000,0.000000,0.000000,0.000000,0.000000,0.000000,0.000000,0.000000,0.000000,0.000000,0.000000,0.000000,-0.298220,-0.099213,-0.036112,-0.053684,-0.039629,0.016685,0.065463,0.074435,0.024712,0.033185,0.040812,0.045237,0.064696,0.059196,0.068452,0.093633,0.058715,0.066792,0.060457,-0.010230,-0.081112,-0.059688,0.007962,-0.055433,-0.039085,0.044614,0.052755,0.063425,0.052852,0.078787,0.087746,0.082499,0.091570,0.062184,0.043366,0.055642,0.049663,0.056316,0.060319,0.039762,0.002865,-0.051923,-0.071659,-0.037877,-0.045022,-0.146916,-0.235673,0.000000,0.000000,0.000000,0.000000,0.000000,0.000000,0.000000,0.000000,0.000000,0.000000,0.000000,0.000000,0.000000,0.000000,0.000000,0.000000,0.000000,0.000000,0.000000,0.000000,0.000000,0.000000,0.000000,0.000000,0.000000,0.000000,0.000000,0.000000
0.000000,0.000000,0.000000,0.000000,0.000000,0.000000,0.000000,0.000000,0.000000,0.000000,0.000000,0.000000,0.000000,0.000000,0.000000,0.000000,0.000000,0.000000,0.000000,0.000000,0.000000,0.000000,0.000000,0.000000,0.000000,0.000000,0.000000,0.000000,0.000000,0.000000,-0.294716,-0.068037,-0.047416,-0.026271,-0.034486,0.014172,0.028555,0.101437,0.087647,0.068383,0.070009,0.052851,0.025910,0.043986,0.036763,0.044283,0.022432,-0.062805,-0.116703,-0.057139,-0.000413,-0.071517,-0.041418,0.012325,0.023525,0.056921,0.048203,0.050504,0.036296,0.026763,0.051539,0.050253,0.052445,0.073880,0.066480,0.063120,0.042120,0.001663,-0.022141,-0.046191,-0.035728,-0.137433,-0.272102,0.000000,0.000000,0.000000,0.000000,0.000000,0.000000,0.000000,0.000000,0.000000,0.000000,0.000000,0.000000,0.000000,0.000000,0.000000,0.000000,0.000000,0.000000,0.000000,0.000000,0.000000,0.000000,0.000000,0.000000,0.000000,0.000000,0.000000,0.000000,0.000000,0.000000
0.000000,0.000000,0.000000,0.000000,0.000000,0.000000,0.000000,0.000000,0.000000,0.000000,0.000000,0.000000,0.000000,0.000000,0.000000,0.000000,0.000000,0.000000,0.000000,0.000000,0.000000,0.000000,0.000000,0.000000,0.000000,0.000000,0.000000,0.000000,0.000000,0.000000,0.000000,0.000000,-0.292527,-0.002643,-0.053219,0.035132,-0.027824,-0.028026,-0.048997,-0.027731,0.013364,0.038135,0.051345,0.086849,0.063944,0.025194,-0.031405,-0.115324,-0.123016,-0.045888,-0.032529,-0.095927,-0.054530,-0.020028,-0.039318,-0.005419,0.040954,0.088617,0.068947,0.053683,0.066429,0.059948,0.029661,0.037654,-0.025279,-0.000062,-0.020045,0.002077,-0.067420,-0.067121,-0.266591,0.000000,0.000000,0.000000,0.000000,0.000000,0.000000,0.000000,0.000000,0.000000,0.000000,0.000000,0.000000,0.000000,0.000000,0.000000,0.000000,0.000000,0.000000,0.000000,0.000000,0.000000,0.000000,0.000000,0.000000,0.000000,0.000000,0.000000,0.000000,0.000000,0.000000,0.000000,0.000000
0.000000,0.000000,0.000000,0.000000,0.000000,0.000000,0.000000,0.000000,0.000000,0.000000,0.000000,0.000000,0.000000,0.000000,0.000000,0.000000,0.000000,0.000000,0.000000,0.000000,0.000000,0.000000,0.000000,0.000000,0.000000,0.000000,0.000000,0.000000,0.000000,0.000000,0.000000,0.000000,0.000000,0.000000,-0.275286,-0.123712,-0.114761,-0.048047,-0.020888,-0.015439,-0.024518,-0.042925,-0.058300,-0.041154,-0.045966,-0.075460,-0.094188,-0.101772,-0.064695,-0.023840,-0.050429,-0.078721,-0.058171,-0.030030,-0.066558,-0.093627,-0.076044,-0.030002,-0.014524,-0.023489,-0.003765,0.011519,-0.000572,0.036421,-0.011443,-0.002616,-0.105588,-0.086433,-0.284535,0.000000,0.000000,0.000000,0.000000,0.000000,0.000000,0.000000,0.000000,0.000000,0.000000,0.000000,0.000000,0.000000,0.000000,0.000000,0.000000,0.000000,0.000000,0.000000,0.000000,0.000000,0.000000,0.000000,0.000000,0.000000,0.000000,0.000000,0.000000,0.000000,0.000000,0.000000,0.000000,0.000000,0.000000
0.000000,0.000000,0.000000,0.000000,0.000000,0.000000,0.000000,0.000000,0.000000,0.000000,0.000000,0.000000,0.000000,0.000000,0.000000,0.000000,0.000000,0.000000,0.000000,0.000000,0.000000,0.000000,0.000000,0.000000,0.000000,0.000000,0.000000,0.000000,0.000000,0.000000,0.000000,0.000000,0.000000,0.000000,0.000000,0.000000,0.000000,-0.221329,-0.140258,-0.156956,-0.162893,-0.122706,-0.070758,-0.034458,-0.040124,-0.046720,-0.053907,-0.050428,-0.025771,-0.017346,-0.064327,-0.120377,-0.066490,-0.035711,-0.041100,-0.057574,-0.070572,-0.056702,-0.049256,-0.031622,-0.038873,-0.094748,-0.138067,-0.162426,-0.105951,-0.253169,0.000000,0.000000,0.000000,0.000000,0.000000,0.000000,0.000000,0.000000,0.000000,0.000000,0.000000,0.000000,0.000000,0.000000,0.000000,0.000000,0.000000,0.000000,0.000000,0.000000,0.000000,0.000000,0.000000,0.000000,0.000000,0.000000,0.000000,0.000000,0.000000,0.000000,0.000000,0.000000,0.000000,0.000000,0.000000,0.000000,0.000000
0.000000,0.000000,0.000000,0.000000,0.000000,0.000000,0.000000,0.000000,0.000000,0.000000,0.000000,0.000000,0.000000,0.000000,0.000000,0.000000,0.000000,0.000000,0.000000,0.000000,0.000000,0.000000,0.000000,0.000000,0.000000,0.000000,0.000000,0.000000,0.000000,0.000000,0.000000,0.000000,0.000000,0.000000,0.000000,0.000000,0.000000,0.000000,0.000000,0.000000,0.000000,0.000000,-0.205812,-0.170451,-0.136518,-0.155328,-0.167213,-0.173023,-0.157408,-0.175667,-0.131919,-0.023356,-0.140105,-0.179415,-0.157258,-0.168967,-0.141781,-0.133286,-0.128119,-0.170954,-0.195757,0.000000,0.000000,0.000000,0.000000,0.000000,0.000000,0.000000,0.000000,0.000000,0.000000,0.000000,0.000000,0.000000,0.000000,0.000000,0.000000,0.000000,0.000000,0.000000,0.000000,0.000000,0.000000,0.000000,0.000000,0.000000,0.000000,0.000000,0.000000,0.000000,0.000000,0.000000,0.000000,0.000000,0.000000,0.000000,0.000000,0.000000,0.000000,0.000000,0.000000,0.000000,0.000000
0.000000,0.000000,0.000000,0.000000,0.000000,0.000000,0.000000,0.000000,0.000000,0.000000,0.000000,0.000000,0.000000,0.000000,0.000000,0.000000,0.000000,0.000000,0.000000,0.000000,0.000000,0.000000,0.000000,0.000000,0.000000,0.000000,0.000000,0.000000,0.000000,0.000000,0.000000,0.000000,0.000000,0.000000,0.000000,0.000000,0.000000,0.000000,0.000000,0.000000,0.000000,0.000000,0.000000,0.000000,0.000000,0.000000,0.000000,0.000000,0.000000,0.000000,0.000000,-0.302641,0.000000,0.000000,0.000000,0.000000,0.000000,0.000000,0.000000,0.000000,0.000000,0.000000,0.000000,0.000000,0.000000,0.000000,0.000000,0.000000,0.000000,0.000000,0.000000,0.000000,0.000000,0.000000,0.000000,0.000000,0.000000,0.000000,0.000000,0.000000,0.000000,0.000000,0.000000,0.000000,0.000000,0.000000,0.000000,0.000000,0.000000,0.000000,0.000000,0.000000,0.000000,0.000000,0.000000,0.000000,0.000000,0.000000,0.000000,0.000000,0.000000,0.000000,0.000000
0.000000,0.000000,0.000000,0.000000,0.000000,0.000000,0.000000,0.000000,0.000000,0.000000,0.000000,0.000000,0.000000,0.000000,0.000000,0.000000,0.000000,0.000000,0.000000,0.000000,0.000000,0.000000,0.000000,0.000000,0.000000,0.000000,0.000000,0.000000,0.000000,0.000000,0.000000,0.000000,0.000000,0.000000,0.000000,0.000000,0.000000,0.000000,0.000000,0.000000,0.000000,0.000000,0.000000,0.000000,0.000000,0.000000,0.000000,0.000000,0.000000,0.000000,0.000000,0.000000,0.000000,0.000000,0.000000,0.000000,0.000000,0.000000,0.000000,0.000000,0.000000,0.000000,0.000000,0.000000,0.000000,0.000000,0.000000,0.000000,0.000000,0.000000,0.000000,0.000000,0.000000,0.000000,0.000000,0.000000,0.000000,0.000000,0.000000,0.000000,0.000000,0.000000,0.000000,0.000000,0.000000,0.000000,0.000000,0.000000,0.000000,0.000000,0.000000,0.000000,0.000000,0.000000,0.000000,0.000000,0.000000,0.000000,0.000000,0.000000,0.000000,0.000000,0.000000
